pr,	Year, Month, Country, ISO3, ISO2
39.7591,1901,1,USA,,
41.2308,1901,2,USA,,
47.1593,1901,3,USA,,
49.7707,1901,4,USA,,
53.281,1901,5,USA,,
60.3047,1901,6,USA,,
57.7761,1901,7,USA,,
65.8838,1901,8,USA,,
58.8166,1901,9,USA,,
37.6769,1901,10,USA,,
32.8733,1901,11,USA,,
53.9394,1901,12,USA,,
31.1632,1902,1,USA,,
48.1359,1902,2,USA,,
57.0562,1902,3,USA,,
37.5312,1902,4,USA,,
61.8822,1902,5,USA,,
65.6409,1902,6,USA,,
69.8871,1902,7,USA,,
57.4327,1902,8,USA,,
62.0473,1902,9,USA,,
43.9957,1902,10,USA,,
58.364,1902,11,USA,,
57.9094,1902,12,USA,,
45.5736,1903,1,USA,,
57.7355,1903,2,USA,,
57.6391,1903,3,USA,,
40.3456,1903,4,USA,,
58.9935,1903,5,USA,,
61.3786,1903,6,USA,,
67.9052,1903,7,USA,,
71.5185,1903,8,USA,,
51.2192,1903,9,USA,,
40.5131,1903,10,USA,,
36.0875,1903,11,USA,,
32.9214,1903,12,USA,,
38.6449,1904,1,USA,,
45.3462,1904,2,USA,,
58.3838,1904,3,USA,,
41.7489,1904,4,USA,,
52.3881,1904,5,USA,,
64.2916,1904,6,USA,,
65.5361,1904,7,USA,,
64.6072,1904,8,USA,,
53.576,1904,9,USA,,
37.7067,1904,10,USA,,
23.8732,1904,11,USA,,
44.5525,1904,12,USA,,
42.794,1905,1,USA,,
44.9696,1905,2,USA,,
55.005,1905,3,USA,,
51.7323,1905,4,USA,,
75.1094,1905,5,USA,,
71.9323,1905,6,USA,,
80.3107,1905,7,USA,,
63.7073,1905,8,USA,,
57.4489,1905,9,USA,,
47.4531,1905,10,USA,,
46.0823,1905,11,USA,,
46.4186,1905,12,USA,,
50.9781,1906,1,USA,,
34.1558,1906,2,USA,,
61.0907,1906,3,USA,,
40.8275,1906,4,USA,,
62.5683,1906,5,USA,,
67.6453,1906,6,USA,,
73.7377,1906,7,USA,,
76.845,1906,8,USA,,
61.7051,1906,9,USA,,
46.3553,1906,10,USA,,
51.193,1906,11,USA,,
57.4518,1906,12,USA,,
53.4097,1907,1,USA,,
36.9365,1907,2,USA,,
46.8098,1907,3,USA,,
43.8134,1907,4,USA,,
64.5605,1907,5,USA,,
67.6635,1907,6,USA,,
68.9658,1907,7,USA,,
62.2092,1907,8,USA,,
63.0719,1907,9,USA,,
46.0716,1907,10,USA,,
45.012,1907,11,USA,,
53.3187,1907,12,USA,,
37.9117,1908,1,USA,,
55.034,1908,2,USA,,
46.7196,1908,3,USA,,
51.7842,1908,4,USA,,
82.0046,1908,5,USA,,
63.6082,1908,6,USA,,
66.6721,1908,7,USA,,
64.9172,1908,8,USA,,
45.849,1908,9,USA,,
43.5799,1908,10,USA,,
36.3154,1908,11,USA,,
38.0088,1908,12,USA,,
50.0173,1909,1,USA,,
55.4411,1909,2,USA,,
45.9687,1909,3,USA,,
47.148,1909,4,USA,,
61.7578,1909,5,USA,,
70.8644,1909,6,USA,,
69.3367,1909,7,USA,,
57.741,1909,8,USA,,
52.7356,1909,9,USA,,
35.4755,1909,10,USA,,
55.6217,1909,11,USA,,
53.3787,1909,12,USA,,
45.4855,1910,1,USA,,
40.8658,1910,2,USA,,
22.8191,1910,3,USA,,
42.6984,1910,4,USA,,
54.0703,1910,5,USA,,
53.8505,1910,6,USA,,
58.9889,1910,7,USA,,
55.8166,1910,8,USA,,
50.9337,1910,9,USA,,
44.5224,1910,10,USA,,
35.5621,1910,11,USA,,
36.9172,1910,12,USA,,
47.8082,1911,1,USA,,
44.695,1911,2,USA,,
35.9638,1911,3,USA,,
54.6992,1911,4,USA,,
45.201,1911,5,USA,,
49.4327,1911,6,USA,,
63.8927,1911,7,USA,,
68.8747,1911,8,USA,,
60.5531,1911,9,USA,,
53.1983,1911,10,USA,,
44.0688,1911,11,USA,,
60.7864,1911,12,USA,,
38.6555,1912,1,USA,,
39.083,1912,2,USA,,
65.8656,1912,3,USA,,
62.6108,1912,4,USA,,
63.6511,1912,5,USA,,
58.9685,1912,6,USA,,
69.795,1912,7,USA,,
74.5394,1912,8,USA,,
59.8633,1912,9,USA,,
47.5297,1912,10,USA,,
32.6825,1912,11,USA,,
44.7014,1912,12,USA,,
55.3709,1913,1,USA,,
39.3892,1913,2,USA,,
58.1891,1913,3,USA,,
40.8821,1913,4,USA,,
53.557,1913,5,USA,,
56.2947,1913,6,USA,,
62.4836,1913,7,USA,,
49.3983,1913,8,USA,,
65.9249,1913,9,USA,,
55.8948,1913,10,USA,,
48.9695,1913,11,USA,,
46.455,1913,12,USA,,
48.4576,1914,1,USA,,
41.5407,1914,2,USA,,
39.417,1914,3,USA,,
55.2855,1914,4,USA,,
50.41,1914,5,USA,,
65.8084,1914,6,USA,,
58.3976,1914,7,USA,,
70.8329,1914,8,USA,,
48.9207,1914,9,USA,,
51.8453,1914,10,USA,,
33.5547,1914,11,USA,,
53.046,1914,12,USA,,
54.617,1915,1,USA,,
53.3998,1915,2,USA,,
32.3196,1915,3,USA,,
45.5696,1915,4,USA,,
74.7485,1915,5,USA,,
70.0476,1915,6,USA,,
75.5483,1915,7,USA,,
77.0578,1915,8,USA,,
66.884,1915,9,USA,,
40.8639,1915,10,USA,,
46.6588,1915,11,USA,,
53.8433,1915,12,USA,,
69.3198,1916,1,USA,,
36.7094,1916,2,USA,,
42.2137,1916,3,USA,,
43.3058,1916,4,USA,,
62.5374,1916,5,USA,,
72.83,1916,6,USA,,
66.3263,1916,7,USA,,
62.9979,1916,8,USA,,
50.5026,1916,9,USA,,
50.5087,1916,10,USA,,
34.2268,1916,11,USA,,
47.4031,1916,12,USA,,
44.347,1917,1,USA,,
37.1641,1917,2,USA,,
48.535,1917,3,USA,,
50.3577,1917,4,USA,,
53.4756,1917,5,USA,,
58.797,1917,6,USA,,
63.8011,1917,7,USA,,
61.3823,1917,8,USA,,
50.4745,1917,9,USA,,
35.4156,1917,10,USA,,
23.9794,1917,11,USA,,
31.7994,1917,12,USA,,
47.7236,1918,1,USA,,
37.7649,1918,2,USA,,
39.8788,1918,3,USA,,
56.211,1918,4,USA,,
55.8556,1918,5,USA,,
52.1914,1918,6,USA,,
55.1925,1918,7,USA,,
64.4855,1918,8,USA,,
58.2166,1918,9,USA,,
60.5893,1918,10,USA,,
48.0941,1918,11,USA,,
56.3432,1918,12,USA,,
38.4583,1919,1,USA,,
49.3767,1919,2,USA,,
51.1667,1919,3,USA,,
47.6789,1919,4,USA,,
65.2926,1919,5,USA,,
62.8061,1919,6,USA,,
72.179,1919,7,USA,,
58.9176,1919,8,USA,,
56.0292,1919,9,USA,,
72.571,1919,10,USA,,
57.9749,1919,11,USA,,
40.5757,1919,12,USA,,
44.2134,1920,1,USA,,
35.6969,1920,2,USA,,
55.4929,1920,3,USA,,
62.0683,1920,4,USA,,
54.4984,1920,5,USA,,
63.2218,1920,6,USA,,
61.7819,1920,7,USA,,
77.5987,1920,8,USA,,
54.7204,1920,9,USA,,
47.129,1920,10,USA,,
46.7671,1920,11,USA,,
55.0433,1920,12,USA,,
43.6624,1921,1,USA,,
37.4403,1921,2,USA,,
54.3369,1921,3,USA,,
54.0151,1921,4,USA,,
53.8493,1921,5,USA,,
59.6009,1921,6,USA,,
65.2623,1921,7,USA,,
64.9205,1921,8,USA,,
58.3788,1921,9,USA,,
36.1065,1921,10,USA,,
46.5318,1921,11,USA,,
47.9949,1921,12,USA,,
41.9882,1922,1,USA,,
48.5782,1922,2,USA,,
65.4528,1922,3,USA,,
61.1904,1922,4,USA,,
61.1169,1922,5,USA,,
59.8774,1922,6,USA,,
80.2128,1922,7,USA,,
56.9485,1922,8,USA,,
38.8988,1922,9,USA,,
41.7857,1922,10,USA,,
46.4971,1922,11,USA,,
51.9753,1922,12,USA,,
48.8494,1923,1,USA,,
39.2229,1923,2,USA,,
51.8945,1923,3,USA,,
54.5732,1923,4,USA,,
61.7782,1923,5,USA,,
70.7528,1923,6,USA,,
61.3179,1923,7,USA,,
63.5882,1923,8,USA,,
71.2136,1923,9,USA,,
52.0626,1923,10,USA,,
40.945,1923,11,USA,,
57.0109,1923,12,USA,,
42.6164,1924,1,USA,,
38.3143,1924,2,USA,,
47.0173,1924,3,USA,,
47.5834,1924,4,USA,,
50.2851,1924,5,USA,,
61.3021,1924,6,USA,,
61.862,1924,7,USA,,
60.7277,1924,8,USA,,
65.9347,1924,9,USA,,
37.1181,1924,10,USA,,
31.1528,1924,11,USA,,
52.5315,1924,12,USA,,
42.9858,1925,1,USA,,
35.0011,1925,2,USA,,
35.872,1925,3,USA,,
41.2674,1925,4,USA,,
39.9919,1925,5,USA,,
64.8587,1925,6,USA,,
63.8043,1925,7,USA,,
53.4039,1925,8,USA,,
74.7158,1925,9,USA,,
63.4436,1925,10,USA,,
49.0143,1925,11,USA,,
35.9871,1925,12,USA,,
48.182,1926,1,USA,,
41.1152,1926,2,USA,,
46.7218,1926,3,USA,,
43.9719,1926,4,USA,,
47.324,1926,5,USA,,
52.9809,1926,6,USA,,
66.6581,1926,7,USA,,
70.0477,1926,8,USA,,
74.8935,1926,9,USA,,
56.4944,1926,10,USA,,
55.4167,1926,11,USA,,
55.0561,1926,12,USA,,
36.2387,1927,1,USA,,
52.1265,1927,2,USA,,
52.352,1927,3,USA,,
58.2402,1927,4,USA,,
60.3953,1927,5,USA,,
67.1594,1927,6,USA,,
66.3471,1927,7,USA,,
65.0638,1927,8,USA,,
57.6152,1927,9,USA,,
51.558,1927,10,USA,,
52.617,1927,11,USA,,
55.5483,1927,12,USA,,
29.5595,1928,1,USA,,
40.2779,1928,2,USA,,
46.8403,1928,3,USA,,
54.238,1928,4,USA,,
48.2737,1928,5,USA,,
88.1481,1928,6,USA,,
75.6898,1928,7,USA,,
74.6312,1928,8,USA,,
57.7417,1928,9,USA,,
49.2115,1928,10,USA,,
46.3569,1928,11,USA,,
38.4243,1928,12,USA,,
51.1539,1929,1,USA,,
44.0186,1929,2,USA,,
56.6571,1929,3,USA,,
58.7095,1929,4,USA,,
69.5659,1929,5,USA,,
59.0998,1929,6,USA,,
64.362,1929,7,USA,,
48.6555,1929,8,USA,,
65.7048,1929,9,USA,,
57.2872,1929,10,USA,,
44.8571,1929,11,USA,,
43.5755,1929,12,USA,,
50.9694,1930,1,USA,,
35.6631,1930,2,USA,,
44.0924,1930,3,USA,,
36.691,1930,4,USA,,
63.2956,1930,5,USA,,
54.3975,1930,6,USA,,
51.2977,1930,7,USA,,
58.9335,1930,8,USA,,
56.9912,1930,9,USA,,
49.6262,1930,10,USA,,
48.2188,1930,11,USA,,
32.1477,1930,12,USA,,
32.318,1931,1,USA,,
37.8499,1931,2,USA,,
44.7321,1931,3,USA,,
40.2684,1931,4,USA,,
49.3837,1931,5,USA,,
51.0534,1931,6,USA,,
66.0534,1931,7,USA,,
65.0936,1931,8,USA,,
52.5222,1931,9,USA,,
46.8722,1931,10,USA,,
55.0532,1931,11,USA,,
67.7481,1931,12,USA,,
65.7689,1932,1,USA,,
45.7411,1932,2,USA,,
45.0583,1932,3,USA,,
40.4879,1932,4,USA,,
49.7021,1932,5,USA,,
68.9131,1932,6,USA,,
63.2313,1932,7,USA,,
73.265,1932,8,USA,,
54.7901,1932,9,USA,,
55.1865,1932,10,USA,,
40.4896,1932,11,USA,,
56.7018,1932,12,USA,,
47.0276,1933,1,USA,,
39.3801,1933,2,USA,,
49.9123,1933,3,USA,,
49.7722,1933,4,USA,,
69.2567,1933,5,USA,,
38.719,1933,6,USA,,
58.6852,1933,7,USA,,
66.4267,1933,8,USA,,
53.4535,1933,9,USA,,
37.3062,1933,10,USA,,
29.3942,1933,11,USA,,
47.8594,1933,12,USA,,
37.1987,1934,1,USA,,
33.5243,1934,2,USA,,
45.7535,1934,3,USA,,
37.0206,1934,4,USA,,
37.048,1934,5,USA,,
55.094,1934,6,USA,,
50.9521,1934,7,USA,,
55.5255,1934,8,USA,,
62.9731,1934,9,USA,,
41.1855,1934,10,USA,,
56.9822,1934,11,USA,,
44.0839,1934,12,USA,,
50.7782,1935,1,USA,,
38.5858,1935,2,USA,,
56.9059,1935,3,USA,,
51.9943,1935,4,USA,,
72.0516,1935,5,USA,,
65.4859,1935,6,USA,,
61.6879,1935,7,USA,,
61.0645,1935,8,USA,,
55.7002,1935,9,USA,,
41.8086,1935,10,USA,,
46.7172,1935,11,USA,,
37.5701,1935,12,USA,,
55.1953,1936,1,USA,,
50.9993,1936,2,USA,,
45.3544,1936,3,USA,,
39.2003,1936,4,USA,,
45.9521,1936,5,USA,,
42.8828,1936,6,USA,,
56.3135,1936,7,USA,,
57.1227,1936,8,USA,,
64.0028,1936,9,USA,,
49.9258,1936,10,USA,,
33.3191,1936,11,USA,,
59.922,1936,12,USA,,
65.9095,1937,1,USA,,
44.2413,1937,2,USA,,
41.5092,1937,3,USA,,
53.7246,1937,4,USA,,
47.9431,1937,5,USA,,
67.5109,1937,6,USA,,
62.6874,1937,7,USA,,
64.317,1937,8,USA,,
48.3435,1937,9,USA,,
55.5839,1937,10,USA,,
44.3541,1937,11,USA,,
47.9342,1937,12,USA,,
44.2578,1938,1,USA,,
48.7716,1938,2,USA,,
63.773,1938,3,USA,,
52.9581,1938,4,USA,,
66.524,1938,5,USA,,
68.0149,1938,6,USA,,
75.2207,1938,7,USA,,
56.7188,1938,8,USA,,
61.0994,1938,9,USA,,
31.8106,1938,10,USA,,
45.4738,1938,11,USA,,
38.5731,1938,12,USA,,
50.1618,1939,1,USA,,
57.7277,1939,2,USA,,
42.2625,1939,3,USA,,
44.3306,1939,4,USA,,
45.192,1939,5,USA,,
72.0365,1939,6,USA,,
57.976,1939,7,USA,,
68.2536,1939,8,USA,,
43.1879,1939,9,USA,,
39.8453,1939,10,USA,,
23.713,1939,11,USA,,
39.3418,1939,12,USA,,
40.5922,1940,1,USA,,
53.4826,1940,2,USA,,
45.4063,1940,3,USA,,
58.905,1940,4,USA,,
48.1473,1940,5,USA,,
64.4203,1940,6,USA,,
58.0073,1940,7,USA,,
69.8063,1940,8,USA,,
51.916,1940,9,USA,,
42.1117,1940,10,USA,,
58.3208,1940,11,USA,,
58.3833,1940,12,USA,,
41.5786,1941,1,USA,,
36.7371,1941,2,USA,,
42.8082,1941,3,USA,,
58.9447,1941,4,USA,,
55.1211,1941,5,USA,,
78.9585,1941,6,USA,,
73.1939,1941,7,USA,,
63.0589,1941,8,USA,,
69.9299,1941,9,USA,,
77.3615,1941,10,USA,,
38.7102,1941,11,USA,,
55.2682,1941,12,USA,,
32.9173,1942,1,USA,,
41.0003,1942,2,USA,,
50.0876,1942,3,USA,,
53.6561,1942,4,USA,,
64.9384,1942,5,USA,,
76.3222,1942,6,USA,,
61.0347,1942,7,USA,,
76.9559,1942,8,USA,,
67.6754,1942,9,USA,,
49.2121,1942,10,USA,,
46.261,1942,11,USA,,
56.7803,1942,12,USA,,
43.4704,1943,1,USA,,
30.771,1943,2,USA,,
58.0892,1943,3,USA,,
41.2337,1943,4,USA,,
68.243,1943,5,USA,,
71.2066,1943,6,USA,,
61.6651,1943,7,USA,,
59.2848,1943,8,USA,,
46.4658,1943,9,USA,,
43.2545,1943,10,USA,,
34.097,1943,11,USA,,
40.7875,1943,12,USA,,
38.1463,1944,1,USA,,
52.898,1944,2,USA,,
63.0922,1944,3,USA,,
60.8307,1944,4,USA,,
63.2975,1944,5,USA,,
66.8236,1944,6,USA,,
57.2266,1944,7,USA,,
73.6452,1944,8,USA,,
56.2911,1944,9,USA,,
34.3121,1944,10,USA,,
53.2289,1944,11,USA,,
43.9056,1944,12,USA,,
36.5904,1945,1,USA,,
56.1344,1945,2,USA,,
62.2417,1945,3,USA,,
58.4838,1945,4,USA,,
58.823,1945,5,USA,,
74.9851,1945,6,USA,,
70.2881,1945,7,USA,,
69.7415,1945,8,USA,,
78.6086,1945,9,USA,,
48.9092,1945,10,USA,,
46.9938,1945,11,USA,,
51.3231,1945,12,USA,,
49.9083,1946,1,USA,,
41.0468,1946,2,USA,,
54.167,1946,3,USA,,
33.4958,1946,4,USA,,
74.4306,1946,5,USA,,
63.1701,1946,6,USA,,
58.343,1946,7,USA,,
67.199,1946,8,USA,,
60.5042,1946,9,USA,,
61.4866,1946,10,USA,,
60.0974,1946,11,USA,,
42.2624,1946,12,USA,,
50.7867,1947,1,USA,,
23.0554,1947,2,USA,,
45.9938,1947,3,USA,,
59.0896,1947,4,USA,,
64.4968,1947,5,USA,,
82.1321,1947,6,USA,,
51.3813,1947,7,USA,,
57.3802,1947,8,USA,,
54.3394,1947,9,USA,,
46.121,1947,10,USA,,
58.1048,1947,11,USA,,
42.7744,1947,12,USA,,
42.1519,1948,1,USA,,
48.4505,1948,2,USA,,
61.4904,1948,3,USA,,
48.6585,1948,4,USA,,
53.9158,1948,5,USA,,
68.3425,1948,6,USA,,
73.5422,1948,7,USA,,
56.905,1948,8,USA,,
46.858,1948,9,USA,,
37.5501,1948,10,USA,,
66.8612,1948,11,USA,,
52.1372,1948,12,USA,,
64.0861,1949,1,USA,,
46.0267,1949,2,USA,,
50.356,1949,3,USA,,
39.8937,1949,4,USA,,
59.9111,1949,5,USA,,
72.441,1949,6,USA,,
69.8944,1949,7,USA,,
61.8231,1949,8,USA,,
52.0037,1949,9,USA,,
59.5207,1949,10,USA,,
29.3089,1949,11,USA,,
46.1504,1949,12,USA,,
61.6089,1950,1,USA,,
42.4049,1950,2,USA,,
47.108,1950,3,USA,,
42.7805,1950,4,USA,,
58.4526,1950,5,USA,,
64.3419,1950,6,USA,,
83.9905,1950,7,USA,,
59.9036,1950,8,USA,,
61.5376,1950,9,USA,,
38.8346,1950,10,USA,,
42.9924,1950,11,USA,,
39.9757,1950,12,USA,,
46.045,1951,1,USA,,
45.7631,1951,2,USA,,
50.5443,1951,3,USA,,
47.9806,1951,4,USA,,
48.7286,1951,5,USA,,
76.1404,1951,6,USA,,
65.0801,1951,7,USA,,
70.4595,1951,8,USA,,
61.1982,1951,9,USA,,
49.0189,1951,10,USA,,
50.9209,1951,11,USA,,
62.6326,1951,12,USA,,
51.1981,1952,1,USA,,
38.968,1952,2,USA,,
58.7084,1952,3,USA,,
47.5844,1952,4,USA,,
55.1084,1952,5,USA,,
52.1662,1952,6,USA,,
63.7754,1952,7,USA,,
66.0508,1952,8,USA,,
38.4107,1952,9,USA,,
20.5921,1952,10,USA,,
47.174,1952,11,USA,,
48.0227,1952,12,USA,,
48.5756,1953,1,USA,,
43.5696,1953,2,USA,,
50.5392,1953,3,USA,,
56.562,1953,4,USA,,
65.3056,1953,5,USA,,
60.9806,1953,6,USA,,
58.4569,1953,7,USA,,
63.0206,1953,8,USA,,
39.101,1953,9,USA,,
33.6015,1953,10,USA,,
36.3265,1953,11,USA,,
50.3908,1953,12,USA,,
49.0717,1954,1,USA,,
32.1994,1954,2,USA,,
46.7292,1954,3,USA,,
46.2975,1954,4,USA,,
53.191,1954,5,USA,,
56.7715,1954,6,USA,,
54.6523,1954,7,USA,,
64.5077,1954,8,USA,,
53.3834,1954,9,USA,,
50.1944,1954,10,USA,,
34.8996,1954,11,USA,,
43.6782,1954,12,USA,,
37.3614,1955,1,USA,,
47.1329,1955,2,USA,,
43.7388,1955,3,USA,,
48.6465,1955,4,USA,,
59.8985,1955,5,USA,,
60.1101,1955,6,USA,,
67.8513,1955,7,USA,,
69.7541,1955,8,USA,,
51.2655,1955,9,USA,,
44.8725,1955,10,USA,,
38.2137,1955,11,USA,,
43.438,1955,12,USA,,
43.9448,1956,1,USA,,
53.125,1956,2,USA,,
38.6798,1956,3,USA,,
42.0905,1956,4,USA,,
54.2007,1956,5,USA,,
50.3018,1956,6,USA,,
66.3747,1956,7,USA,,
61.0702,1956,8,USA,,
39.8382,1956,9,USA,,
43.3605,1956,10,USA,,
33.535,1956,11,USA,,
39.6222,1956,12,USA,,
45.1029,1957,1,USA,,
42.1865,1957,2,USA,,
47.7477,1957,3,USA,,
66.5728,1957,4,USA,,
80.6678,1957,5,USA,,
73.4567,1957,6,USA,,
52.3521,1957,7,USA,,
54.4412,1957,8,USA,,
64.817,1957,9,USA,,
57.8729,1957,10,USA,,
64.2212,1957,11,USA,,
48.6574,1957,12,USA,,
45.1686,1958,1,USA,,
44.5936,1958,2,USA,,
51.0488,1958,3,USA,,
57.7939,1958,4,USA,,
51.2221,1958,5,USA,,
71.0066,1958,6,USA,,
83.9717,1958,7,USA,,
61.288,1958,8,USA,,
62.9993,1958,9,USA,,
37.1788,1958,10,USA,,
46.6084,1958,11,USA,,
28.0037,1958,12,USA,,
41.4057,1959,1,USA,,
47.2853,1959,2,USA,,
42.0649,1959,3,USA,,
42.8474,1959,4,USA,,
64.9309,1959,5,USA,,
54.6696,1959,6,USA,,
73.6192,1959,7,USA,,
68.4207,1959,8,USA,,
62.2162,1959,9,USA,,
69.6357,1959,10,USA,,
39.2147,1959,11,USA,,
46.3263,1959,12,USA,,
47.9963,1960,1,USA,,
49.9352,1960,2,USA,,
39.7386,1960,3,USA,,
43.8373,1960,4,USA,,
60.3003,1960,5,USA,,
60.9431,1960,6,USA,,
68.445,1960,7,USA,,
69.0325,1960,8,USA,,
57.5794,1960,9,USA,,
51.5996,1960,10,USA,,
42.1475,1960,11,USA,,
40.9193,1960,12,USA,,
29.8744,1961,1,USA,,
52.7065,1961,2,USA,,
59.5436,1961,3,USA,,
48.6108,1961,4,USA,,
57.4379,1961,5,USA,,
65.1887,1961,6,USA,,
75.6644,1961,7,USA,,
64.956,1961,8,USA,,
73.6191,1961,9,USA,,
43.1699,1961,10,USA,,
53.0573,1961,11,USA,,
54.0145,1961,12,USA,,
46.683,1962,1,USA,,
50.4666,1962,2,USA,,
44.5856,1962,3,USA,,
40.9859,1962,4,USA,,
57.3677,1962,5,USA,,
71.1779,1962,6,USA,,
67.8857,1962,7,USA,,
53.5856,1962,8,USA,,
61.9742,1962,9,USA,,
49.1522,1962,10,USA,,
39.7842,1962,11,USA,,
33.992,1962,12,USA,,
37.0937,1963,1,USA,,
35.4907,1963,2,USA,,
55.1892,1963,3,USA,,
47.1911,1963,4,USA,,
49.2376,1963,5,USA,,
66.723,1963,6,USA,,
67.2618,1963,7,USA,,
65.0642,1963,8,USA,,
49.7524,1963,9,USA,,
26.7217,1963,10,USA,,
49.8415,1963,11,USA,,
33.4561,1963,12,USA,,
45.9121,1964,1,USA,,
36.8715,1964,2,USA,,
55.6388,1964,3,USA,,
66.4821,1964,4,USA,,
48.8951,1964,5,USA,,
63.0721,1964,6,USA,,
58.9061,1964,7,USA,,
67.3066,1964,8,USA,,
55.0095,1964,9,USA,,
32.0581,1964,10,USA,,
48.8742,1964,11,USA,,
61.2311,1964,12,USA,,
46.5812,1965,1,USA,,
42.9079,1965,2,USA,,
46.6569,1965,3,USA,,
52.4509,1965,4,USA,,
57.723,1965,5,USA,,
69.875,1965,6,USA,,
64.8352,1965,7,USA,,
71.3224,1965,8,USA,,
84.2159,1965,9,USA,,
34.741,1965,10,USA,,
44.1598,1965,11,USA,,
46.3429,1965,12,USA,,
44.0298,1966,1,USA,,
46.7541,1966,2,USA,,
34.3204,1966,3,USA,,
47.4533,1966,4,USA,,
46.8062,1966,5,USA,,
50.0325,1966,6,USA,,
58.3501,1966,7,USA,,
72.6688,1966,8,USA,,
54.5348,1966,9,USA,,
39.4145,1966,10,USA,,
44.192,1966,11,USA,,
49.595,1966,12,USA,,
42.5607,1967,1,USA,,
30.2955,1967,2,USA,,
42.3664,1967,3,USA,,
56.9882,1967,4,USA,,
59.0615,1967,5,USA,,
78.8192,1967,6,USA,,
71.7609,1967,7,USA,,
62.9248,1967,8,USA,,
54.2601,1967,9,USA,,
47.6543,1967,10,USA,,
40.6329,1967,11,USA,,
62.1422,1967,12,USA,,
44.441,1968,1,USA,,
31.4801,1968,2,USA,,
42.2608,1968,3,USA,,
49.2687,1968,4,USA,,
68.475,1968,5,USA,,
69.197,1968,6,USA,,
60.0587,1968,7,USA,,
65.7565,1968,8,USA,,
52.2635,1968,9,USA,,
44.4299,1968,10,USA,,
54.8158,1968,11,USA,,
55.9433,1968,12,USA,,
56.719,1969,1,USA,,
43.0836,1969,2,USA,,
37.4435,1969,3,USA,,
49.5396,1969,4,USA,,
54.011,1969,5,USA,,
69.3246,1969,6,USA,,
72.5125,1969,7,USA,,
55.6172,1969,8,USA,,
46.6342,1969,9,USA,,
56.1548,1969,10,USA,,
35.8859,1969,11,USA,,
58.8804,1969,12,USA,,
38.7854,1970,1,USA,,
33.7523,1970,2,USA,,
51.937,1970,3,USA,,
55.8361,1970,4,USA,,
54.4947,1970,5,USA,,
60.9323,1970,6,USA,,
59.5441,1970,7,USA,,
56.7625,1970,8,USA,,
66.9364,1970,9,USA,,
62.1846,1970,10,USA,,
47.3837,1970,11,USA,,
48.1902,1970,12,USA,,
39.1102,1971,1,USA,,
48.8605,1971,2,USA,,
39.9015,1971,3,USA,,
36.839,1971,4,USA,,
60.438,1971,5,USA,,
55.6652,1971,6,USA,,
71.527,1971,7,USA,,
64.1651,1971,8,USA,,
63.1733,1971,9,USA,,
61.0502,1971,10,USA,,
42.1484,1971,11,USA,,
67.9115,1971,12,USA,,
45.5049,1972,1,USA,,
34.2727,1972,2,USA,,
42.7866,1972,3,USA,,
45.3169,1972,4,USA,,
59.139,1972,5,USA,,
67.5361,1972,6,USA,,
63.6535,1972,7,USA,,
63.3072,1972,8,USA,,
64.2042,1972,9,USA,,
62.9582,1972,10,USA,,
59.9407,1972,11,USA,,
59.6033,1972,12,USA,,
49.8741,1973,1,USA,,
38.6421,1973,2,USA,,
77.9596,1973,3,USA,,
64.201,1973,4,USA,,
61.4836,1973,5,USA,,
66.7326,1973,6,USA,,
66.9823,1973,7,USA,,
58.1969,1973,8,USA,,
73.1743,1973,9,USA,,
52.2886,1973,10,USA,,
60.6168,1973,11,USA,,
59.3015,1973,12,USA,,
58.3913,1974,1,USA,,
35.1113,1974,2,USA,,
49.6694,1974,3,USA,,
49.8148,1974,4,USA,,
60.6538,1974,5,USA,,
59.3118,1974,6,USA,,
54.4875,1974,7,USA,,
76.7149,1974,8,USA,,
58.5851,1974,9,USA,,
48.8052,1974,10,USA,,
47.5207,1974,11,USA,,
49.3918,1974,12,USA,,
53.0232,1975,1,USA,,
50.5546,1975,2,USA,,
64.4318,1975,3,USA,,
54.3714,1975,4,USA,,
65.096,1975,5,USA,,
74.4742,1975,6,USA,,
70.3469,1975,7,USA,,
65.0467,1975,8,USA,,
63.8246,1975,9,USA,,
48.2174,1975,10,USA,,
45.5477,1975,11,USA,,
43.5538,1975,12,USA,,
38.1713,1976,1,USA,,
39.5203,1976,2,USA,,
54.5026,1976,3,USA,,
44.9499,1976,4,USA,,
58.9219,1976,5,USA,,
59.5966,1976,6,USA,,
61.931,1976,7,USA,,
47.7961,1976,8,USA,,
55.5674,1976,9,USA,,
51.0099,1976,10,USA,,
28.9386,1976,11,USA,,
30.9617,1976,12,USA,,
34.236,1977,1,USA,,
27.7655,1977,2,USA,,
62.8987,1977,3,USA,,
48.4031,1977,4,USA,,
55.7634,1977,5,USA,,
57.8742,1977,6,USA,,
55.0921,1977,7,USA,,
77.465,1977,8,USA,,
78.7231,1977,9,USA,,
48.9647,1977,10,USA,,
54.6434,1977,11,USA,,
54.1659,1977,12,USA,,
60.9845,1978,1,USA,,
35.3328,1978,2,USA,,
44.0933,1978,3,USA,,
49.9931,1978,4,USA,,
72.5028,1978,5,USA,,
62.5308,1978,6,USA,,
62.5322,1978,7,USA,,
61.9268,1978,8,USA,,
56.8014,1978,9,USA,,
32.1961,1978,10,USA,,
54.94,1978,11,USA,,
56.1754,1978,12,USA,,
64.5055,1979,1,USA,,
47.7481,1979,2,USA,,
58.8338,1979,3,USA,,
61.8262,1979,4,USA,,
62.0598,1979,5,USA,,
60.0247,1979,6,USA,,
75.0283,1979,7,USA,,
68.6359,1979,8,USA,,
54.5788,1979,9,USA,,
50.6007,1979,10,USA,,
56.4869,1979,11,USA,,
40.172,1979,12,USA,,
53.8477,1980,1,USA,,
39.8746,1980,2,USA,,
65.0103,1980,3,USA,,
47.7554,1980,4,USA,,
60.6623,1980,5,USA,,
59.4325,1980,6,USA,,
55.925,1980,7,USA,,
64.2282,1980,8,USA,,
62.3516,1980,9,USA,,
44.0331,1980,10,USA,,
37.596,1980,11,USA,,
32.8471,1980,12,USA,,
24.7851,1981,1,USA,,
46.8502,1981,2,USA,,
44.4303,1981,3,USA,,
44.2904,1981,4,USA,,
69.1023,1981,5,USA,,
75.0873,1981,6,USA,,
78.9001,1981,7,USA,,
69.6769,1981,8,USA,,
47.9986,1981,9,USA,,
65.8729,1981,10,USA,,
44.346,1981,11,USA,,
47.1096,1981,12,USA,,
57.2176,1982,1,USA,,
42.6453,1982,2,USA,,
54.2661,1982,3,USA,,
49.4645,1982,4,USA,,
69.4853,1982,5,USA,,
73.3172,1982,6,USA,,
72.9644,1982,7,USA,,
61.2726,1982,8,USA,,
65.4445,1982,9,USA,,
53.8019,1982,10,USA,,
60.978,1982,11,USA,,
73.958,1982,12,USA,,
41.5242,1983,1,USA,,
49.8992,1983,2,USA,,
67.7777,1983,3,USA,,
66.2681,1983,4,USA,,
69.4808,1983,5,USA,,
62.6443,1983,6,USA,,
52.2238,1983,7,USA,,
64.402,1983,8,USA,,
55.0382,1983,9,USA,,
58.6189,1983,10,USA,,
76.1089,1983,11,USA,,
65.8267,1983,12,USA,,
31.4867,1984,1,USA,,
42.4072,1984,2,USA,,
53.1243,1984,3,USA,,
57.165,1984,4,USA,,
62.3084,1984,5,USA,,
65.0357,1984,6,USA,,
69.4197,1984,7,USA,,
64.475,1984,8,USA,,
43.0404,1984,9,USA,,
70.8121,1984,10,USA,,
54.962,1984,11,USA,,
55.6472,1984,12,USA,,
34.2573,1985,1,USA,,
43.6042,1985,2,USA,,
54.38,1985,3,USA,,
38.8431,1985,4,USA,,
54.7494,1985,5,USA,,
62.8106,1985,6,USA,,
59.4236,1985,7,USA,,
70.9052,1985,8,USA,,
75.2916,1985,9,USA,,
66.9191,1985,10,USA,,
71.7675,1985,11,USA,,
34.8134,1985,12,USA,,
32.1345,1986,1,USA,,
52.4319,1986,2,USA,,
39.493,1986,3,USA,,
44.9937,1986,4,USA,,
57.9664,1986,5,USA,,
65.3264,1986,6,USA,,
68.9679,1986,7,USA,,
69.2635,1986,8,USA,,
84.6268,1986,9,USA,,
61.9378,1986,10,USA,,
60.5564,1986,11,USA,,
43.8945,1986,12,USA,,
46.317,1987,1,USA,,
46.1898,1987,2,USA,,
50.9745,1987,3,USA,,
30.1266,1987,4,USA,,
66.1281,1987,5,USA,,
62.3023,1987,6,USA,,
68.243,1987,7,USA,,
62.9973,1987,8,USA,,
56.9571,1987,9,USA,,
30.905,1987,10,USA,,
55.5283,1987,11,USA,,
60.537,1987,12,USA,,
40.159,1988,1,USA,,
33.5925,1988,2,USA,,
42.6669,1988,3,USA,,
46.9884,1988,4,USA,,
47.5336,1988,5,USA,,
40.2972,1988,6,USA,,
60.9659,1988,7,USA,,
67.066,1988,8,USA,,
61.2511,1988,9,USA,,
35.6773,1988,10,USA,,
63.2807,1988,11,USA,,
39.9485,1988,12,USA,,
42.8026,1989,1,USA,,
43.3013,1989,2,USA,,
54.4641,1989,3,USA,,
38.0477,1989,4,USA,,
69.358,1989,5,USA,,
81.5283,1989,6,USA,,
68.9533,1989,7,USA,,
70.3098,1989,8,USA,,
66.277,1989,9,USA,,
44.6291,1989,10,USA,,
38.884,1989,11,USA,,
33.5797,1989,12,USA,,
56.0183,1990,1,USA,,
55.0666,1990,2,USA,,
57.2162,1990,3,USA,,
48.5297,1990,4,USA,,
75.5454,1990,5,USA,,
58.3364,1990,6,USA,,
71.7865,1990,7,USA,,
67.3301,1990,8,USA,,
56.8717,1990,9,USA,,
60.1428,1990,10,USA,,
45.8675,1990,11,USA,,
60.9985,1990,12,USA,,
45.2501,1991,1,USA,,
34.5711,1991,2,USA,,
68.595,1991,3,USA,,
63.5456,1991,4,USA,,
73.3747,1991,5,USA,,
60.212,1991,6,USA,,
64.8082,1991,7,USA,,
59.5409,1991,8,USA,,
58.4347,1991,9,USA,,
48.5126,1991,10,USA,,
52.4319,1991,11,USA,,
56.1145,1991,12,USA,,
43.7958,1992,1,USA,,
46.7883,1992,2,USA,,
51.6268,1992,3,USA,,
40.496,1992,4,USA,,
48.0371,1992,5,USA,,
73.5842,1992,6,USA,,
84.2029,1992,7,USA,,
69.7224,1992,8,USA,,
55.1799,1992,9,USA,,
37.1292,1992,10,USA,,
69.0711,1992,11,USA,,
58.9983,1992,12,USA,,
66.3605,1993,1,USA,,
44.4942,1993,2,USA,,
55.2914,1993,3,USA,,
55.1449,1993,4,USA,,
59.5504,1993,5,USA,,
78.2037,1993,6,USA,,
66.551,1993,7,USA,,
70.7022,1993,8,USA,,
70.0811,1993,9,USA,,
50.6273,1993,10,USA,,
49.7497,1993,11,USA,,
41.7792,1993,12,USA,,
46.539,1994,1,USA,,
41.8655,1994,2,USA,,
50.9986,1994,3,USA,,
55.1196,1994,4,USA,,
49.4501,1994,5,USA,,
64.665,1994,6,USA,,
71.1312,1994,7,USA,,
67.1373,1994,8,USA,,
50.7183,1994,9,USA,,
59.5041,1994,10,USA,,
63.4506,1994,11,USA,,
46.9965,1994,12,USA,,
59.9947,1995,1,USA,,
32.5575,1995,2,USA,,
56.1221,1995,3,USA,,
55.0627,1995,4,USA,,
81.3489,1995,5,USA,,
69.9705,1995,6,USA,,
65.7867,1995,7,USA,,
63.6841,1995,8,USA,,
51.7976,1995,9,USA,,
55.282,1995,10,USA,,
44.7085,1995,11,USA,,
43.5197,1995,12,USA,,
54.0489,1996,1,USA,,
43.3719,1996,2,USA,,
45.3865,1996,3,USA,,
49.1364,1996,4,USA,,
65.9297,1996,5,USA,,
64.2109,1996,6,USA,,
70.8722,1996,7,USA,,
63.1441,1996,8,USA,,
74.5662,1996,9,USA,,
51.7774,1996,10,USA,,
60.01,1996,11,USA,,
60.7588,1996,12,USA,,
56.1038,1997,1,USA,,
47.645,1997,2,USA,,
45.8641,1997,3,USA,,
55.5501,1997,4,USA,,
57.2011,1997,5,USA,,
70.5986,1997,6,USA,,
61.9219,1997,7,USA,,
69.3125,1997,8,USA,,
58.3263,1997,9,USA,,
51.6266,1997,10,USA,,
48.1161,1997,11,USA,,
46.5633,1997,12,USA,,
63.5793,1998,1,USA,,
60.9542,1998,2,USA,,
63.8306,1998,3,USA,,
51.4119,1998,4,USA,,
54.1662,1998,5,USA,,
75.9475,1998,6,USA,,
70.9062,1998,7,USA,,
67.3867,1998,8,USA,,
58.5052,1998,9,USA,,
63.0907,1998,10,USA,,
50.5918,1998,11,USA,,
41.6406,1998,12,USA,,
62.9249,1999,1,USA,,
36.9776,1999,2,USA,,
42.7326,1999,3,USA,,
57.1785,1999,4,USA,,
60.2869,1999,5,USA,,
74.5112,1999,6,USA,,
66.2094,1999,7,USA,,
59.1826,1999,8,USA,,
59.7506,1999,9,USA,,
37.4866,1999,10,USA,,
30.5232,1999,11,USA,,
39.0859,1999,12,USA,,
46.3311,2000,1,USA,,
43.449,2000,2,USA,,
49.1389,2000,3,USA,,
46.0134,2000,4,USA,,
54.9347,2000,5,USA,,
74.3651,2000,6,USA,,
62.4186,2000,7,USA,,
55.5782,2000,8,USA,,
56.6988,2000,9,USA,,
48.6086,2000,10,USA,,
56.9359,2000,11,USA,,
36.2179,2000,12,USA,,
41.0633,2001,1,USA,,
49.2409,2001,2,USA,,
50.0299,2001,3,USA,,
44.2982,2001,4,USA,,
56.7896,2001,5,USA,,
64.2349,2001,6,USA,,
70.9906,2001,7,USA,,
62.2129,2001,8,USA,,
55.556,2001,9,USA,,
48.8647,2001,10,USA,,
45.3348,2001,11,USA,,
46.4853,2001,12,USA,,
42.9196,2002,1,USA,,
28.0412,2002,2,USA,,
50.1535,2002,3,USA,,
47.087,2002,4,USA,,
54.9107,2002,5,USA,,
56.3738,2002,6,USA,,
60.9653,2002,7,USA,,
62.363,2002,8,USA,,
65.9608,2002,9,USA,,
63.6295,2002,10,USA,,
39.5094,2002,11,USA,,
57.3101,2002,12,USA,,
27.4009,2003,1,USA,,
51.7026,2003,2,USA,,
47.4735,2003,3,USA,,
51.2849,2003,4,USA,,
67.405,2003,5,USA,,
73.5768,2003,6,USA,,
64.6967,2003,7,USA,,
65.2745,2003,8,USA,,
61.624,2003,9,USA,,
40.8206,2003,10,USA,,
57.3789,2003,11,USA,,
50.5841,2003,12,USA,,
39.7067,2004,1,USA,,
47.2893,2004,2,USA,,
42.1236,2004,3,USA,,
48.6749,2004,4,USA,,
70.994,2004,5,USA,,
72.3446,2004,6,USA,,
68.7976,2004,7,USA,,
64.2339,2004,8,USA,,
69.2308,2004,9,USA,,
64.2643,2004,10,USA,,
64.8535,2004,11,USA,,
48.9118,2004,12,USA,,
56.0341,2005,1,USA,,
43.4318,2005,2,USA,,
46.1407,2005,3,USA,,
49.2861,2005,4,USA,,
57.4369,2005,5,USA,,
68.9126,2005,6,USA,,
63.1045,2005,7,USA,,
69.5326,2005,8,USA,,
57.5573,2005,9,USA,,
50.3932,2005,10,USA,,
48.8695,2005,11,USA,,
47.7884,2005,12,USA,,
50.3526,2006,1,USA,,
32.926,2006,2,USA,,
46.9045,2006,3,USA,,
52.8537,2006,4,USA,,
48.0846,2006,5,USA,,
60.0958,2006,6,USA,,
59.9345,2006,7,USA,,
70.9135,2006,8,USA,,
63.4016,2006,9,USA,,
63.2713,2006,10,USA,,
47.2023,2006,11,USA,,
52.0679,2006,12,USA,,
46.3883,2007,1,USA,,
33.976,2007,2,USA,,
46.0611,2007,3,USA,,
48.4032,2007,4,USA,,
56.1475,2007,5,USA,,
62.4014,2007,6,USA,,
66.7481,2007,7,USA,,
59.5767,2007,8,USA,,
57.154,2007,9,USA,,
58.9571,2007,10,USA,,
32.4459,2007,11,USA,,
58.9893,2007,12,USA,,
46.1214,2008,1,USA,,
49.7277,2008,2,USA,,
50.2631,2008,3,USA,,
54.2075,2008,4,USA,,
60.2535,2008,5,USA,,
70.2924,2008,6,USA,,
72.6509,2008,7,USA,,
63.57,2008,8,USA,,
60.9778,2008,9,USA,,
48.6634,2008,10,USA,,
42.1148,2008,11,USA,,
58.1774,2008,12,USA,,
37.7718,2009,1,USA,,
36.2683,2009,2,USA,,
56.0125,2009,3,USA,,
55.3039,2009,4,USA,,
63.3972,2009,5,USA,,
64.9941,2009,6,USA,,
67.3967,2009,7,USA,,
66.8052,2009,8,USA,,
54.6329,2009,9,USA,,
85.0112,2009,10,USA,,
34.9198,2009,11,USA,,
57.9742,2009,12,USA,,
50.0241,2010,1,USA,,
39.5081,2010,2,USA,,
44.5897,2010,3,USA,,
45.7305,2010,4,USA,,
63.7383,2010,5,USA,,
78.9699,2010,6,USA,,
79.3401,2010,7,USA,,
61.0851,2010,8,USA,,
63.0522,2010,9,USA,,
43.1578,2010,10,USA,,
50.0691,2010,11,USA,,
48.4882,2010,12,USA,,
38.4286,2011,1,USA,,
47.7418,2011,2,USA,,
55.1848,2011,3,USA,,
62.1183,2011,4,USA,,
68.6179,2011,5,USA,,
62.1485,2011,6,USA,,
65.3297,2011,7,USA,,
64.0022,2011,8,USA,,
57.7688,2011,9,USA,,
49.0825,2011,10,USA,,
55.1938,2011,11,USA,,
52.3624,2011,12,USA,,
46.1864,2012,1,USA,,
41.7129,2012,2,USA,,
55.118,2012,3,USA,,
47.6245,2012,4,USA,,
53.8075,2012,5,USA,,
55.2458,2012,6,USA,,
66.5096,2012,7,USA,,
60.8082,2012,8,USA,,
65.6802,2012,9,USA,,
51.3462,2012,10,USA,,
33.7364,2012,11,USA,,
57.3133,2012,12,USA,,
52.3099,2013,1,USA,,
43.1898,2013,2,USA,,
37.0164,2013,3,USA,,
60.3789,2013,4,USA,,
75.6272,2013,5,USA,,
75.5614,2013,6,USA,,
74.0633,2013,7,USA,,
61.8915,2013,8,USA,,
72.7194,2013,9,USA,,
59.1606,2013,10,USA,,
47.5228,2013,11,USA,,
50.7346,2013,12,USA,,
36.2645,2014,1,USA,,
44.3825,2014,2,USA,,
46.7482,2014,3,USA,,
61.0028,2014,4,USA,,
58.0433,2014,5,USA,,
85.1186,2014,6,USA,,
68.2143,2014,7,USA,,
74.2447,2014,8,USA,,
63.0962,2014,9,USA,,
51.8328,2014,10,USA,,
44.4668,2014,11,USA,,
55.9687,2014,12,USA,,
42.3249,2015,1,USA,,
39.5467,2015,2,USA,,
42.578,2015,3,USA,,
60.9151,2015,4,USA,,
81.9923,2015,5,USA,,
75.5629,2015,6,USA,,
78.8892,2015,7,USA,,
69.3357,2015,8,USA,,
61.207,2015,9,USA,,
62.7919,2015,10,USA,,
74.2731,2015,11,USA,,
75.7757,2015,12,USA,,