tas,	Year, Month, Country, ISO3, ISO2
-5.4153,1901,1,USA,,
-6.3461,1901,2,USA,,
-0.1491,1901,3,USA,,
5.00631,1901,4,USA,,
12.1891,1901,5,USA,,
16.9296,1901,6,USA,,
20.8455,1901,7,USA,,
19.1789,1901,8,USA,,
13.8652,1901,9,USA,,
8.66346,1901,10,USA,,
0.32735,1901,11,USA,,
-4.7551,1901,12,USA,,
-5.8735,1902,1,USA,,
-4.6688,1902,2,USA,,
-0.4942,1902,3,USA,,
5.52933,1902,4,USA,,
12.7142,1902,5,USA,,
16.8991,1902,6,USA,,
19.375,1902,7,USA,,
18.5035,1902,8,USA,,
13.603,1902,9,USA,,
8.11396,1902,10,USA,,
0.91731,1902,11,USA,,
-6.3583,1902,12,USA,,
-6.1863,1903,1,USA,,
-6.4855,1903,2,USA,,
0.0853,1903,3,USA,,
5.16708,1903,4,USA,,
11.6296,1903,5,USA,,
16.0932,1903,6,USA,,
19.0531,1903,7,USA,,
18.4058,1903,8,USA,,
13.6211,1903,9,USA,,
7.49509,1903,10,USA,,
-0.7511,1903,11,USA,,
-4.9185,1903,12,USA,,
-7.6746,1904,1,USA,,
-6.479,1904,2,USA,,
-0.7531,1904,3,USA,,
5.30997,1904,4,USA,,
12.0383,1904,5,USA,,
16.7551,1904,6,USA,,
19.2079,1904,7,USA,,
17.8839,1904,8,USA,,
14.3335,1904,9,USA,,
7.66832,1904,10,USA,,
0.92198,1904,11,USA,,
-4.485,1904,12,USA,,
-6.7044,1905,1,USA,,
-6.0829,1905,2,USA,,
2.2027,1905,3,USA,,
6.20692,1905,4,USA,,
11.8198,1905,5,USA,,
17.0228,1905,6,USA,,
19.096,1905,7,USA,,
18.9098,1905,8,USA,,
14.566,1905,9,USA,,
6.57754,1905,10,USA,,
1.39805,1905,11,USA,,
-5.4722,1905,12,USA,,
-6.7066,1906,1,USA,,
-3.8315,1906,2,USA,,
-1.6296,1906,3,USA,,
6.51966,1906,4,USA,,
11.7594,1906,5,USA,,
16.5869,1906,6,USA,,
19.3147,1906,7,USA,,
18.7216,1906,8,USA,,
15.1852,1906,9,USA,,
7.44674,1906,10,USA,,
-0.1962,1906,11,USA,,
-4.4907,1906,12,USA,,
-5.5434,1907,1,USA,,
-5.0032,1907,2,USA,,
1.28569,1907,3,USA,,
4.5866,1907,4,USA,,
10.4871,1907,5,USA,,
15.8226,1907,6,USA,,
19.2898,1907,7,USA,,
18.3814,1907,8,USA,,
14.2836,1907,9,USA,,
7.49952,1907,10,USA,,
-0.0054,1907,11,USA,,
-3.4275,1907,12,USA,,
-4.7571,1908,1,USA,,
-4.4724,1908,2,USA,,
0.68631,1908,3,USA,,
6.29563,1908,4,USA,,
11.3208,1908,5,USA,,
16.4186,1908,6,USA,,
19.7532,1908,7,USA,,
18.1189,1908,8,USA,,
14.6161,1908,9,USA,,
6.47354,1908,10,USA,,
0.90888,1908,11,USA,,
-3.6632,1908,12,USA,,
-6.2384,1909,1,USA,,
-4.5018,1909,2,USA,,
-0.7444,1909,3,USA,,
4.32345,1909,4,USA,,
11.0705,1909,5,USA,,
17.102,1909,6,USA,,
19.458,1909,7,USA,,
19.0511,1909,8,USA,,
13.8881,1909,9,USA,,
6.81109,1909,10,USA,,
0.80343,1909,11,USA,,
-7.7167,1909,12,USA,,
-6.5172,1910,1,USA,,
-6.6947,1910,2,USA,,
3.196,1910,3,USA,,
6.47359,1910,4,USA,,
11.5739,1910,5,USA,,
16.8729,1910,6,USA,,
19.9484,1910,7,USA,,
18.2324,1910,8,USA,,
14.9122,1910,9,USA,,
8.29827,1910,10,USA,,
-0.0427,1910,11,USA,,
-5.3023,1910,12,USA,,
-5.9077,1911,1,USA,,
-3.6776,1911,2,USA,,
0.52373,1911,3,USA,,
4.68847,1911,4,USA,,
12.3234,1911,5,USA,,
17.8716,1911,6,USA,,
19.4965,1911,7,USA,,
18.347,1911,8,USA,,
15.0847,1911,9,USA,,
7.9477,1911,10,USA,,
-1.8564,1911,11,USA,,
-4.6455,1911,12,USA,,
-7.5357,1912,1,USA,,
-4.3722,1912,2,USA,,
-1.6605,1912,3,USA,,
6.09402,1912,4,USA,,
12.4161,1912,5,USA,,
15.9491,1912,6,USA,,
19.2172,1912,7,USA,,
17.8753,1912,8,USA,,
13.7078,1912,9,USA,,
7.75515,1912,10,USA,,
0.94693,1912,11,USA,,
-4.3256,1912,12,USA,,
-6.8329,1913,1,USA,,
-5.2216,1913,2,USA,,
-1.1594,1913,3,USA,,
5.98546,1913,4,USA,,
12.0468,1913,5,USA,,
17.3158,1913,6,USA,,
19.5064,1913,7,USA,,
19.1318,1913,8,USA,,
13.7734,1913,9,USA,,
6.6642,1913,10,USA,,
1.87232,1913,11,USA,,
-4.1006,1913,12,USA,,
-4.0929,1914,1,USA,,
-5.4734,1914,2,USA,,
-0.3503,1914,3,USA,,
5.73507,1914,4,USA,,
12.5983,1914,5,USA,,
17.5398,1914,6,USA,,
20.1861,1914,7,USA,,
18.7941,1914,8,USA,,
14.1052,1914,9,USA,,
9.02283,1914,10,USA,,
1.32542,1914,11,USA,,
-5.4987,1914,12,USA,,
-5.8141,1915,1,USA,,
-3.2152,1915,2,USA,,
-1.0093,1915,3,USA,,
8.16463,1915,4,USA,,
11.615,1915,5,USA,,
16.333,1915,6,USA,,
19.0816,1915,7,USA,,
18.148,1915,8,USA,,
14.4868,1915,9,USA,,
7.8998,1915,10,USA,,
0.96096,1915,11,USA,,
-4.3115,1915,12,USA,,
-6.6714,1916,1,USA,,
-4.9055,1916,2,USA,,
-0.6991,1916,3,USA,,
6.01821,1916,4,USA,,
11.4954,1916,5,USA,,
16.0814,1916,6,USA,,
20.1801,1916,7,USA,,
18.7214,1916,8,USA,,
14.0576,1916,9,USA,,
7.47784,1916,10,USA,,
-0.3871,1916,11,USA,,
-7.0251,1916,12,USA,,
-8.005,1917,1,USA,,
-5.4427,1917,2,USA,,
-1.0399,1917,3,USA,,
4.85285,1917,4,USA,,
9.82425,1917,5,USA,,
16.2155,1917,6,USA,,
20.0138,1917,7,USA,,
18.4776,1917,8,USA,,
14.2659,1917,9,USA,,
6.29112,1917,10,USA,,
0.06941,1917,11,USA,,
-7.3262,1917,12,USA,,
-8.7114,1918,1,USA,,
-4.4682,1918,2,USA,,
0.87539,1918,3,USA,,
4.56562,1918,4,USA,,
11.8974,1918,5,USA,,
17.9468,1918,6,USA,,
19.5367,1918,7,USA,,
18.8331,1918,8,USA,,
13.5244,1918,9,USA,,
8.64538,1918,10,USA,,
-0.7949,1918,11,USA,,
-3.8752,1918,12,USA,,
-5.6678,1919,1,USA,,
-4.4272,1919,2,USA,,
-0.5347,1919,3,USA,,
6.05904,1919,4,USA,,
11.96,1919,5,USA,,
17.1308,1919,6,USA,,
20.2596,1919,7,USA,,
19.1031,1919,8,USA,,
15.1384,1919,9,USA,,
7.27308,1919,10,USA,,
-1.0336,1919,11,USA,,
-6.3296,1919,12,USA,,
-7.0752,1920,1,USA,,
-3.1362,1920,2,USA,,
-0.9066,1920,3,USA,,
3.28196,1920,4,USA,,
11.1761,1920,5,USA,,
16.5023,1920,6,USA,,
19.299,1920,7,USA,,
18.0487,1920,8,USA,,
14.5697,1920,9,USA,,
7.92942,1920,10,USA,,
-0.2881,1920,11,USA,,
-4.3142,1920,12,USA,,
-5.0174,1921,1,USA,,
-3.3217,1921,2,USA,,
2.21524,1921,3,USA,,
5.70303,1921,4,USA,,
11.8349,1921,5,USA,,
17.9165,1921,6,USA,,
20.3743,1921,7,USA,,
18.9567,1921,8,USA,,
14.9178,1921,9,USA,,
8.45225,1921,10,USA,,
1.07435,1921,11,USA,,
-2.935,1921,12,USA,,
-6.6778,1922,1,USA,,
-4.9697,1922,2,USA,,
-1.0193,1922,3,USA,,
5.57681,1922,4,USA,,
11.9089,1922,5,USA,,
17.4737,1922,6,USA,,
19.2805,1922,7,USA,,
18.9149,1922,8,USA,,
15.2273,1922,9,USA,,
8.67419,1922,10,USA,,
0.56006,1922,11,USA,,
-3.9737,1922,12,USA,,
-4.5028,1923,1,USA,,
-5.2929,1923,2,USA,,
-1.6556,1923,3,USA,,
5.42519,1923,4,USA,,
11.8287,1923,5,USA,,
16.9839,1923,6,USA,,
20.1682,1923,7,USA,,
18.9654,1923,8,USA,,
14.7013,1923,9,USA,,
7.69819,1923,10,USA,,
1.55482,1923,11,USA,,
-3.8797,1923,12,USA,,
-7.6254,1924,1,USA,,
-4.0317,1924,2,USA,,
-0.637,1924,3,USA,,
3.99841,1924,4,USA,,
10.9075,1924,5,USA,,
17.0102,1924,6,USA,,
18.8075,1924,7,USA,,
18.6269,1924,8,USA,,
13.4384,1924,9,USA,,
7.64519,1924,10,USA,,
1.37844,1924,11,USA,,
-6.6841,1924,12,USA,,
-7.8095,1925,1,USA,,
-3.2538,1925,2,USA,,
1.18788,1925,3,USA,,
7.55264,1925,4,USA,,
12.0675,1925,5,USA,,
17.6313,1925,6,USA,,
19.9969,1925,7,USA,,
18.8852,1925,8,USA,,
15.5021,1925,9,USA,,
6.83659,1925,10,USA,,
0.33378,1925,11,USA,,
-4.5745,1925,12,USA,,
-3.9733,1926,1,USA,,
-2.5519,1926,2,USA,,
0.47341,1926,3,USA,,
6.30026,1926,4,USA,,
12.5794,1926,5,USA,,
17.366,1926,6,USA,,
19.9096,1926,7,USA,,
19.1623,1926,8,USA,,
14.5882,1926,9,USA,,
8.85402,1926,10,USA,,
0.99962,1926,11,USA,,
-5.4567,1926,12,USA,,
-4.7957,1927,1,USA,,
-2.2396,1927,2,USA,,
-0.3162,1927,3,USA,,
5.03841,1927,4,USA,,
11.6833,1927,5,USA,,
16.6624,1927,6,USA,,
19.7261,1927,7,USA,,
17.6822,1927,8,USA,,
14.2246,1927,9,USA,,
8.26197,1927,10,USA,,
0.25309,1927,11,USA,,
-6.5488,1927,12,USA,,
-4.1707,1928,1,USA,,
-2.6282,1928,2,USA,,
-0.2702,1928,3,USA,,
4.68491,1928,4,USA,,
12.6593,1928,5,USA,,
16.0182,1928,6,USA,,
19.6848,1928,7,USA,,
18.547,1928,8,USA,,
13.6307,1928,9,USA,,
8.29417,1928,10,USA,,
1.20788,1928,11,USA,,
-3.5992,1928,12,USA,,
-6.2405,1929,1,USA,,
-5.9068,1929,2,USA,,
-0.0823,1929,3,USA,,
5.75846,1929,4,USA,,
11.4198,1929,5,USA,,
16.7375,1929,6,USA,,
19.7197,1929,7,USA,,
18.9296,1929,8,USA,,
14.5902,1929,9,USA,,
8.09782,1929,10,USA,,
0.04586,1929,11,USA,,
-4.1151,1929,12,USA,,
-7.5977,1930,1,USA,,
-3.0911,1930,2,USA,,
-1.0672,1930,3,USA,,
7.04644,1930,4,USA,,
11.6337,1930,5,USA,,
17.0994,1930,6,USA,,
20.469,1930,7,USA,,
19.3342,1930,8,USA,,
14.8214,1930,9,USA,,
7.03393,1930,10,USA,,
-0.3817,1930,11,USA,,
-4.1489,1930,12,USA,,
-3.8402,1931,1,USA,,
-1.5214,1931,2,USA,,
-0.7423,1931,3,USA,,
5.85868,1931,4,USA,,
11.4652,1931,5,USA,,
17.9848,1931,6,USA,,
20.5226,1931,7,USA,,
18.7693,1931,8,USA,,
15.8186,1931,9,USA,,
8.73434,1931,10,USA,,
1.49203,1931,11,USA,,
-3.5388,1931,12,USA,,
-6.278,1932,1,USA,,
-4.463,1932,2,USA,,
-1.1754,1932,3,USA,,
6.61637,1932,4,USA,,
12.1458,1932,5,USA,,
17.2954,1932,6,USA,,
19.9825,1932,7,USA,,
18.8238,1932,8,USA,,
14.2801,1932,9,USA,,
7.56617,1932,10,USA,,
-0.9867,1932,11,USA,,
-5.5901,1932,12,USA,,
-5.5705,1933,1,USA,,
-6.1545,1933,2,USA,,
-0.1256,1933,3,USA,,
5.70685,1933,4,USA,,
11.7818,1933,5,USA,,
18.0337,1933,6,USA,,
20.4088,1933,7,USA,,
18.6936,1933,8,USA,,
15.4987,1933,9,USA,,
7.92428,1933,10,USA,,
0.94816,1933,11,USA,,
-4.6154,1933,12,USA,,
-5.7613,1934,1,USA,,
-2.6747,1934,2,USA,,
0.44278,1934,3,USA,,
7.33142,1934,4,USA,,
13.8085,1934,5,USA,,
17.9348,1934,6,USA,,
20.7203,1934,7,USA,,
19.3978,1934,8,USA,,
14.3069,1934,9,USA,,
9.48673,1934,10,USA,,
2.02893,1934,11,USA,,
-3.6398,1934,12,USA,,
-5.5386,1935,1,USA,,
-2.2637,1935,2,USA,,
1.04016,1935,3,USA,,
5.53306,1935,4,USA,,
10.4324,1935,5,USA,,
16.6346,1935,6,USA,,
20.6937,1935,7,USA,,
19.0205,1935,8,USA,,
14.5311,1935,9,USA,,
7.84705,1935,10,USA,,
-0.629,1935,11,USA,,
-5.8472,1935,12,USA,,
-6.8517,1936,1,USA,,
-7.9459,1936,2,USA,,
0.51347,1936,3,USA,,
5.71046,1936,4,USA,,
13.6046,1936,5,USA,,
18.581,1936,6,USA,,
21.2377,1936,7,USA,,
20.1965,1936,8,USA,,
15.1151,1936,9,USA,,
8.08639,1936,10,USA,,
0.10543,1936,11,USA,,
-4.2324,1936,12,USA,,
-6.0909,1937,1,USA,,
-5.5272,1937,2,USA,,
-1.5781,1937,3,USA,,
5.1178,1937,4,USA,,
12.4688,1937,5,USA,,
17.3874,1937,6,USA,,
20.3725,1937,7,USA,,
19.793,1937,8,USA,,
15.2791,1937,9,USA,,
8.61698,1937,10,USA,,
0.91787,1937,11,USA,,
-4.4555,1937,12,USA,,
-5.9026,1938,1,USA,,
-3.925,1938,2,USA,,
1.52684,1938,3,USA,,
6.86032,1938,4,USA,,
11.9538,1938,5,USA,,
17.1654,1938,6,USA,,
19.8837,1938,7,USA,,
19.6218,1938,8,USA,,
15.6831,1938,9,USA,,
10.0964,1938,10,USA,,
0.39767,1938,11,USA,,
-3.3459,1938,12,USA,,
-4.7985,1939,1,USA,,
-5.5372,1939,2,USA,,
-0.3096,1939,3,USA,,
6.5126,1939,4,USA,,
12.8615,1939,5,USA,,
17.2826,1939,6,USA,,
20.4587,1939,7,USA,,
18.9561,1939,8,USA,,
15.4845,1939,9,USA,,
7.87777,1939,10,USA,,
-0.106,1939,11,USA,,
-1.5099,1939,12,USA,,
-7.4892,1940,1,USA,,
-3.5382,1940,2,USA,,
0.22968,1940,3,USA,,
6.92934,1940,4,USA,,
12.7851,1940,5,USA,,
17.7355,1940,6,USA,,
20.3262,1940,7,USA,,
19.0935,1940,8,USA,,
15.1043,1940,9,USA,,
9.33818,1940,10,USA,,
-0.1406,1940,11,USA,,
-2.4311,1940,12,USA,,
-5.226,1941,1,USA,,
-2.829,1941,2,USA,,
-0.4846,1941,3,USA,,
7.24356,1941,4,USA,,
13.0838,1941,5,USA,,
17.1485,1941,6,USA,,
19.8819,1941,7,USA,,
19.2245,1941,8,USA,,
14.536,1941,9,USA,,
8.38188,1941,10,USA,,
0.6775,1941,11,USA,,
-2.7842,1941,12,USA,,
-4.5279,1942,1,USA,,
-3.8277,1942,2,USA,,
-0.1726,1942,3,USA,,
7.47556,1942,4,USA,,
12.0124,1942,5,USA,,
17.0152,1942,6,USA,,
20.1536,1942,7,USA,,
18.9485,1942,8,USA,,
14.6387,1942,9,USA,,
8.51476,1942,10,USA,,
0.30908,1942,11,USA,,
-6.0647,1942,12,USA,,
-7.5643,1943,1,USA,,
-2.3648,1943,2,USA,,
-1.1788,1943,3,USA,,
6.78301,1943,4,USA,,
12.0645,1943,5,USA,,
17.5592,1943,6,USA,,
20.1867,1943,7,USA,,
19.2961,1943,8,USA,,
14.2957,1943,9,USA,,
8.37887,1943,10,USA,,
1.19541,1943,11,USA,,
-3.7409,1943,12,USA,,
-4.7115,1944,1,USA,,
-2.5403,1944,2,USA,,
-1.4711,1944,3,USA,,
4.77215,1944,4,USA,,
12.9536,1944,5,USA,,
17.18,1944,6,USA,,
19.6871,1944,7,USA,,
18.7525,1944,8,USA,,
14.6372,1944,9,USA,,
9.0102,1944,10,USA,,
0.56523,1944,11,USA,,
-4.6019,1944,12,USA,,
-4.3721,1945,1,USA,,
-2.8041,1945,2,USA,,
1.47068,1945,3,USA,,
5.23615,1945,4,USA,,
10.6764,1945,5,USA,,
15.6571,1945,6,USA,,
19.5339,1945,7,USA,,
18.7201,1945,8,USA,,
14.5632,1945,9,USA,,
8.07353,1945,10,USA,,
-0.5315,1945,11,USA,,
-5.779,1945,12,USA,,
-4.6848,1946,1,USA,,
-3.6231,1946,2,USA,,
1.25837,1946,3,USA,,
7.06272,1946,4,USA,,
11.471,1946,5,USA,,
17.2961,1946,6,USA,,
20.2277,1946,7,USA,,
18.2411,1946,8,USA,,
14.3412,1946,9,USA,,
8.3206,1946,10,USA,,
-0.0184,1946,11,USA,,
-4.4221,1946,12,USA,,
-6.7969,1947,1,USA,,
-4.628,1947,2,USA,,
-0.9812,1947,3,USA,,
6.0022,1947,4,USA,,
12.1664,1947,5,USA,,
16.2251,1947,6,USA,,
19.7898,1947,7,USA,,
19.4963,1947,8,USA,,
15.0369,1947,9,USA,,
10.0258,1947,10,USA,,
-0.0752,1947,11,USA,,
-3.3529,1947,12,USA,,
-6.453,1948,1,USA,,
-5.2428,1948,2,USA,,
-1.5298,1948,3,USA,,
6.76532,1948,4,USA,,
11.8841,1948,5,USA,,
17.2885,1948,6,USA,,
19.5878,1948,7,USA,,
18.5159,1948,8,USA,,
14.7224,1948,9,USA,,
7.5373,1948,10,USA,,
-0.2988,1948,11,USA,,
-5.5963,1948,12,USA,,
-7.2517,1949,1,USA,,
-5.7187,1949,2,USA,,
0.8608,1949,3,USA,,
5.63263,1949,4,USA,,
12.2667,1949,5,USA,,
16.9113,1949,6,USA,,
20.0928,1949,7,USA,,
19.0663,1949,8,USA,,
14.5735,1949,9,USA,,
8.41684,1949,10,USA,,
3.18174,1949,11,USA,,
-4.6789,1949,12,USA,,
-5.4274,1950,1,USA,,
-4.9225,1950,2,USA,,
-0.3823,1950,3,USA,,
5.05198,1950,4,USA,,
11.6804,1950,5,USA,,
16.856,1950,6,USA,,
19.0875,1950,7,USA,,
18.352,1950,8,USA,,
14.3031,1950,9,USA,,
9.69098,1950,10,USA,,
-0.0959,1950,11,USA,,
-4.1352,1950,12,USA,,
-7.1552,1951,1,USA,,
-4.134,1951,2,USA,,
-2.3982,1951,3,USA,,
6.00249,1951,4,USA,,
12.648,1951,5,USA,,
16.3639,1951,6,USA,,
20.0496,1951,7,USA,,
18.9903,1951,8,USA,,
14.3568,1951,9,USA,,
7.81682,1951,10,USA,,
-0.0923,1951,11,USA,,
-5.2579,1951,12,USA,,
-6.0308,1952,1,USA,,
-3.4478,1952,2,USA,,
-1.7132,1952,3,USA,,
5.91375,1952,4,USA,,
11.5081,1952,5,USA,,
17.8861,1952,6,USA,,
20.0799,1952,7,USA,,
19.0793,1952,8,USA,,
14.8622,1952,9,USA,,
8.04632,1952,10,USA,,
1.29114,1952,11,USA,,
-3.7,1952,12,USA,,
-4.2111,1953,1,USA,,
-2.9403,1953,2,USA,,
0.4705,1953,3,USA,,
5.59967,1953,4,USA,,
11.9769,1953,5,USA,,
18.1052,1953,6,USA,,
20.3488,1953,7,USA,,
18.9589,1953,8,USA,,
15.2053,1953,9,USA,,
8.81292,1953,10,USA,,
1.5674,1953,11,USA,,
-3.7251,1953,12,USA,,
-6.3382,1954,1,USA,,
-2.1905,1954,2,USA,,
-0.5912,1954,3,USA,,
7.0416,1954,4,USA,,
11.6953,1954,5,USA,,
17.2968,1954,6,USA,,
20.4832,1954,7,USA,,
19.1074,1954,8,USA,,
15.2741,1954,9,USA,,
8.84241,1954,10,USA,,
2.43911,1954,11,USA,,
-5.3089,1954,12,USA,,
-5.3411,1955,1,USA,,
-6.2313,1955,2,USA,,
-0.7742,1955,3,USA,,
6.15775,1955,4,USA,,
12.3399,1955,5,USA,,
16.032,1955,6,USA,,
20.4006,1955,7,USA,,
19.3979,1955,8,USA,,
14.9245,1955,9,USA,,
8.05271,1955,10,USA,,
-2.4415,1955,11,USA,,
-5.5207,1955,12,USA,,
-6.534,1956,1,USA,,
-5.7972,1956,2,USA,,
-0.6637,1956,3,USA,,
5.28151,1956,4,USA,,
12.8092,1956,5,USA,,
17.7645,1956,6,USA,,
19.7135,1956,7,USA,,
18.6111,1956,8,USA,,
14.5126,1956,9,USA,,
8.09267,1956,10,USA,,
-1.2307,1956,11,USA,,
-4.4852,1956,12,USA,,
-6.2049,1957,1,USA,,
-2.6841,1957,2,USA,,
0.43523,1957,3,USA,,
6.51212,1957,4,USA,,
12.1375,1957,5,USA,,
17.7462,1957,6,USA,,
20.2886,1957,7,USA,,
19.2466,1957,8,USA,,
14.3898,1957,9,USA,,
7.63393,1957,10,USA,,
0.9617,1957,11,USA,,
-3.6762,1957,12,USA,,
-4.8698,1958,1,USA,,
-4.4486,1958,2,USA,,
-0.5735,1958,3,USA,,
6.35967,1958,4,USA,,
13.1012,1958,5,USA,,
17.2594,1958,6,USA,,
19.721,1958,7,USA,,
19.6132,1958,8,USA,,
14.9057,1958,9,USA,,
7.7539,1958,10,USA,,
1.03277,1958,11,USA,,
-4.6111,1958,12,USA,,
-6.8094,1959,1,USA,,
-3.4891,1959,2,USA,,
-1.6223,1959,3,USA,,
5.77298,1959,4,USA,,
12.4799,1959,5,USA,,
18.0195,1959,6,USA,,
19.5325,1959,7,USA,,
19.4196,1959,8,USA,,
14.5036,1959,9,USA,,
7.47293,1959,10,USA,,
-0.669,1959,11,USA,,
-3.7684,1959,12,USA,,
-6.081,1960,1,USA,,
-4.4129,1960,2,USA,,
-2.4881,1960,3,USA,,
5.96252,1960,4,USA,,
12.2033,1960,5,USA,,
17.1734,1960,6,USA,,
20.0585,1960,7,USA,,
18.8526,1960,8,USA,,
14.9539,1960,9,USA,,
8.31253,1960,10,USA,,
0.53121,1960,11,USA,,
-3.9847,1960,12,USA,,
-5.2146,1961,1,USA,,
-3.214,1961,2,USA,,
-0.1508,1961,3,USA,,
4.52072,1961,4,USA,,
11.8612,1961,5,USA,,
17.5741,1961,6,USA,,
19.6138,1961,7,USA,,
19.1491,1961,8,USA,,
14.1179,1961,9,USA,,
7.45073,1961,10,USA,,
-0.3888,1961,11,USA,,
-6.746,1961,12,USA,,
-7.0463,1962,1,USA,,
-2.6523,1962,2,USA,,
-1.527,1962,3,USA,,
6.31371,1962,4,USA,,
12.6232,1962,5,USA,,
16.9137,1962,6,USA,,
19.5225,1962,7,USA,,
19.1672,1962,8,USA,,
14.0312,1962,9,USA,,
9.16954,1962,10,USA,,
1.32041,1962,11,USA,,
-4.1039,1962,12,USA,,
-7.223,1963,1,USA,,
-3.4984,1963,2,USA,,
0.73144,1963,3,USA,,
6.23239,1963,4,USA,,
12.7292,1963,5,USA,,
16.9257,1963,6,USA,,
19.8842,1963,7,USA,,
18.8043,1963,8,USA,,
15.5003,1963,9,USA,,
10.0947,1963,10,USA,,
0.16493,1963,11,USA,,
-5.4003,1963,12,USA,,
-5.6533,1964,1,USA,,
-5.1741,1964,2,USA,,
-2.2884,1964,3,USA,,
5.42876,1964,4,USA,,
11.9161,1964,5,USA,,
16.9648,1964,6,USA,,
20.3746,1964,7,USA,,
18.2637,1964,8,USA,,
14.1674,1964,9,USA,,
8.12354,1964,10,USA,,
0.70317,1964,11,USA,,
-6.6663,1964,12,USA,,
-5.9084,1965,1,USA,,
-6.0068,1965,2,USA,,
-0.9698,1965,3,USA,,
6.56086,1965,4,USA,,
11.833,1965,5,USA,,
16.1492,1965,6,USA,,
19.2919,1965,7,USA,,
18.2383,1965,8,USA,,
13.6176,1965,9,USA,,
7.39885,1965,10,USA,,
2.1267,1965,11,USA,,
-3.7588,1965,12,USA,,
-8.4257,1966,1,USA,,
-5.2771,1966,2,USA,,
-0.6574,1966,3,USA,,
5.0957,1966,4,USA,,
11.5729,1966,5,USA,,
17.103,1966,6,USA,,
20.5061,1966,7,USA,,
18.235,1966,8,USA,,
14.7389,1966,9,USA,,
7.31296,1966,10,USA,,
1.18495,1966,11,USA,,
-5.1064,1966,12,USA,,
-4.8762,1967,1,USA,,
-4.6161,1967,2,USA,,
1.40804,1967,3,USA,,
6.42005,1967,4,USA,,
11.066,1967,5,USA,,
16.9743,1967,6,USA,,
19.4369,1967,7,USA,,
18.6795,1967,8,USA,,
14.4199,1967,9,USA,,
7.72064,1967,10,USA,,
0.81718,1967,11,USA,,
-4.4378,1967,12,USA,,
-6.3953,1968,1,USA,,
-4.8517,1968,2,USA,,
1.44681,1968,3,USA,,
5.57769,1968,4,USA,,
11.3491,1968,5,USA,,
17.0924,1968,6,USA,,
20.0393,1968,7,USA,,
18.6249,1968,8,USA,,
14.0407,1968,9,USA,,
7.99664,1968,10,USA,,
0.22253,1968,11,USA,,
-6.6345,1968,12,USA,,
-7.234,1969,1,USA,,
-4.7715,1969,2,USA,,
-1.9048,1969,3,USA,,
7.32786,1969,4,USA,,
13.0952,1969,5,USA,,
16.7887,1969,6,USA,,
19.9161,1969,7,USA,,
18.7969,1969,8,USA,,
15.1819,1969,9,USA,,
7.4426,1969,10,USA,,
-0.1424,1969,11,USA,,
-2.8682,1969,12,USA,,
-8.2081,1970,1,USA,,
-2.4352,1970,2,USA,,
-0.5101,1970,3,USA,,
5.29155,1970,4,USA,,
12.6687,1970,5,USA,,
17.2312,1970,6,USA,,
20.033,1970,7,USA,,
19.3739,1970,8,USA,,
13.9393,1970,9,USA,,
6.32382,1970,10,USA,,
0.84954,1970,11,USA,,
-4.5707,1970,12,USA,,
-8.2753,1971,1,USA,,
-4.9949,1971,2,USA,,
-1.9368,1971,3,USA,,
5.20265,1971,4,USA,,
11.0469,1971,5,USA,,
17.8134,1971,6,USA,,
19.449,1971,7,USA,,
18.8781,1971,8,USA,,
14.3739,1971,9,USA,,
8.30377,1971,10,USA,,
0.04902,1971,11,USA,,
-3.9329,1971,12,USA,,
-7.067,1972,1,USA,,
-5.1817,1972,2,USA,,
-0.5425,1972,3,USA,,
4.80237,1972,4,USA,,
12.2114,1972,5,USA,,
16.9535,1972,6,USA,,
19.6992,1972,7,USA,,
19.1605,1972,8,USA,,
14.164,1972,9,USA,,
7.54076,1972,10,USA,,
-0.44,1972,11,USA,,
-5.5035,1972,12,USA,,
-7.114,1973,1,USA,,
-4.0497,1973,2,USA,,
0.99708,1973,3,USA,,
5.33007,1973,4,USA,,
11.8382,1973,5,USA,,
17.3461,1973,6,USA,,
19.7441,1973,7,USA,,
19.0593,1973,8,USA,,
14.5859,1973,9,USA,,
8.71091,1973,10,USA,,
0.40445,1973,11,USA,,
-3.7473,1973,12,USA,,
-6.1902,1974,1,USA,,
-5.3139,1974,2,USA,,
0.80096,1974,3,USA,,
6.30213,1974,4,USA,,
12.303,1974,5,USA,,
17.0055,1974,6,USA,,
20.2162,1974,7,USA,,
18.5393,1974,8,USA,,
14.05,1974,9,USA,,
7.37461,1974,10,USA,,
0.21242,1974,11,USA,,
-5.0916,1974,12,USA,,
-6.1237,1975,1,USA,,
-4.9891,1975,2,USA,,
-1.0736,1975,3,USA,,
3.82187,1975,4,USA,,
12.3067,1975,5,USA,,
16.6319,1975,6,USA,,
20.1352,1975,7,USA,,
18.6823,1975,8,USA,,
13.5641,1975,9,USA,,
7.86193,1975,10,USA,,
-0.4881,1975,11,USA,,
-4.9546,1975,12,USA,,
-6.4624,1976,1,USA,,
-3.0928,1976,2,USA,,
0.10516,1976,3,USA,,
6.41855,1976,4,USA,,
11.5668,1976,5,USA,,
16.8552,1976,6,USA,,
19.6934,1976,7,USA,,
18.6632,1976,8,USA,,
14.5544,1976,9,USA,,
6.15875,1976,10,USA,,
-0.0423,1976,11,USA,,
-5.4132,1976,12,USA,,
-7.0477,1977,1,USA,,
-1.8865,1977,2,USA,,
-0.0726,1977,3,USA,,
6.70266,1977,4,USA,,
12.7731,1977,5,USA,,
18.0403,1977,6,USA,,
20.5665,1977,7,USA,,
19.5025,1977,8,USA,,
15.3324,1977,9,USA,,
8.17005,1977,10,USA,,
-0.121,1977,11,USA,,
-4.7052,1977,12,USA,,
-6.3763,1978,1,USA,,
-5.8267,1978,2,USA,,
0.3489,1978,3,USA,,
6.73824,1978,4,USA,,
12.2167,1978,5,USA,,
17.113,1978,6,USA,,
20.209,1978,7,USA,,
19.1273,1978,8,USA,,
15.389,1978,9,USA,,
7.77141,1978,10,USA,,
1.01967,1978,11,USA,,
-5.0346,1978,12,USA,,
-8.366,1979,1,USA,,
-8.2294,1979,2,USA,,
0.66697,1979,3,USA,,
5.98523,1979,4,USA,,
12.1222,1979,5,USA,,
16.8868,1979,6,USA,,
19.9897,1979,7,USA,,
19.0226,1979,8,USA,,
15.5126,1979,9,USA,,
9.1777,1979,10,USA,,
1.28026,1979,11,USA,,
-3.978,1979,12,USA,,
-6.0696,1980,1,USA,,
-3.2501,1980,2,USA,,
-0.191,1980,3,USA,,
6.69966,1980,4,USA,,
12.5773,1980,5,USA,,
17.2589,1980,6,USA,,
20.8302,1980,7,USA,,
19.0481,1980,8,USA,,
14.8273,1980,9,USA,,
7.74462,1980,10,USA,,
1.16124,1980,11,USA,,
-5.2687,1980,12,USA,,
-2.4834,1981,1,USA,,
-2.2224,1981,2,USA,,
2.22483,1981,3,USA,,
7.91411,1981,4,USA,,
12.357,1981,5,USA,,
17.6975,1981,6,USA,,
19.9287,1981,7,USA,,
18.8516,1981,8,USA,,
14.4006,1981,9,USA,,
7.36811,1981,10,USA,,
1.98585,1981,11,USA,,
-4.1618,1981,12,USA,,
-8.3162,1982,1,USA,,
-4.4987,1982,2,USA,,
0.4439,1982,3,USA,,
4.53691,1982,4,USA,,
12.1469,1982,5,USA,,
16.2712,1982,6,USA,,
19.8445,1982,7,USA,,
18.9015,1982,8,USA,,
14.4241,1982,9,USA,,
6.70452,1982,10,USA,,
-0.0877,1982,11,USA,,
-2.6187,1982,12,USA,,
-5.1608,1983,1,USA,,
-2.3307,1983,2,USA,,
0.76841,1983,3,USA,,
4.93693,1983,4,USA,,
11.3335,1983,5,USA,,
16.7952,1983,6,USA,,
20.2687,1983,7,USA,,
19.9568,1983,8,USA,,
14.3827,1983,9,USA,,
7.75423,1983,10,USA,,
1.54522,1983,11,USA,,
-6.8413,1983,12,USA,,
-6.5174,1984,1,USA,,
-4.1186,1984,2,USA,,
0.2184,1984,3,USA,,
4.90241,1984,4,USA,,
11.8033,1984,5,USA,,
17.4412,1984,6,USA,,
19.717,1984,7,USA,,
19.1851,1984,8,USA,,
14.0351,1984,9,USA,,
7.75339,1984,10,USA,,
-0.1513,1984,11,USA,,
-3.621,1984,12,USA,,
-5.4823,1985,1,USA,,
-6.0352,1985,2,USA,,
1.05452,1985,3,USA,,
5.93257,1985,4,USA,,
12.7881,1985,5,USA,,
16.6846,1985,6,USA,,
20.2766,1985,7,USA,,
18.4075,1985,8,USA,,
13.6041,1985,9,USA,,
7.31499,1985,10,USA,,
-1.0178,1985,11,USA,,
-4.6609,1985,12,USA,,
-3.7208,1986,1,USA,,
-2.5466,1986,2,USA,,
1.51993,1986,3,USA,,
5.91109,1986,4,USA,,
12.43,1986,5,USA,,
18.1056,1986,6,USA,,
20.0072,1986,7,USA,,
18.5562,1986,8,USA,,
14.3312,1986,9,USA,,
7.90604,1986,10,USA,,
0.0139,1986,11,USA,,
-2.3433,1986,12,USA,,
-4.6096,1987,1,USA,,
-2.118,1987,2,USA,,
0.84942,1987,3,USA,,
7.0299,1987,4,USA,,
13.5117,1987,5,USA,,
18.0176,1987,6,USA,,
20.0738,1987,7,USA,,
19.0358,1987,8,USA,,
14.5858,1987,9,USA,,
8.09946,1987,10,USA,,
1.39349,1987,11,USA,,
-3.6442,1987,12,USA,,
-6.3099,1988,1,USA,,
-3.7391,1988,2,USA,,
0.776,1988,3,USA,,
6.66377,1988,4,USA,,
13.031,1988,5,USA,,
18.4131,1988,6,USA,,
20.7722,1988,7,USA,,
19.6239,1988,8,USA,,
14.4016,1988,9,USA,,
6.98832,1988,10,USA,,
0.07445,1988,11,USA,,
-3.4565,1988,12,USA,,
-6.3459,1989,1,USA,,
-4.9024,1989,2,USA,,
0.28794,1989,3,USA,,
7.42177,1989,4,USA,,
12.2113,1989,5,USA,,
17.1234,1989,6,USA,,
20.5712,1989,7,USA,,
19.1379,1989,8,USA,,
14.7284,1989,9,USA,,
8.13737,1989,10,USA,,
-0.3511,1989,11,USA,,
-5.8152,1989,12,USA,,
-3.7649,1990,1,USA,,
-5.033,1990,2,USA,,
2.01738,1990,3,USA,,
7.61399,1990,4,USA,,
12.3098,1990,5,USA,,
18.158,1990,6,USA,,
20.2991,1990,7,USA,,
19.3864,1990,8,USA,,
15.6484,1990,9,USA,,
7.79971,1990,10,USA,,
0.77013,1990,11,USA,,
-5.748,1990,12,USA,,
-6.0482,1991,1,USA,,
-1.5655,1991,2,USA,,
0.93979,1991,3,USA,,
7.20034,1991,4,USA,,
13.4703,1991,5,USA,,
17.9005,1991,6,USA,,
20.0899,1991,7,USA,,
19.2929,1991,8,USA,,
15.0592,1991,9,USA,,
8.28441,1991,10,USA,,
-0.8618,1991,11,USA,,
-3.105,1991,12,USA,,
-3.9885,1992,1,USA,,
-2.1265,1992,2,USA,,
1.67409,1992,3,USA,,
6.50207,1992,4,USA,,
12.1373,1992,5,USA,,
16.9904,1992,6,USA,,
19.2294,1992,7,USA,,
18.0289,1992,8,USA,,
13.768,1992,9,USA,,
7.40718,1992,10,USA,,
0.06429,1992,11,USA,,
-5.1176,1992,12,USA,,
-5.8157,1993,1,USA,,
-4.5406,1993,2,USA,,
0.7792,1993,3,USA,,
6.60455,1993,4,USA,,
13.1405,1993,5,USA,,
17.0097,1993,6,USA,,
19.9716,1993,7,USA,,
18.9324,1993,8,USA,,
13.8122,1993,9,USA,,
8.0887,1993,10,USA,,
-0.187,1993,11,USA,,
-2.8065,1993,12,USA,,
-5.6681,1994,1,USA,,
-5.0267,1994,2,USA,,
1.04255,1994,3,USA,,
7.20645,1994,4,USA,,
12.9606,1994,5,USA,,
18.3181,1994,6,USA,,
20.353,1994,7,USA,,
19.4339,1994,8,USA,,
14.9931,1994,9,USA,,
7.79232,1994,10,USA,,
0.13588,1994,11,USA,,
-3.2141,1994,12,USA,,
-4.3758,1995,1,USA,,
-2.1929,1995,2,USA,,
0.2196,1995,3,USA,,
6.47977,1995,4,USA,,
12.4276,1995,5,USA,,
17.1826,1995,6,USA,,
20.2503,1995,7,USA,,
20.0201,1995,8,USA,,
15.3624,1995,9,USA,,
8.33333,1995,10,USA,,
0.01295,1995,11,USA,,
-4.1472,1995,12,USA,,
-6.8235,1996,1,USA,,
-3.5703,1996,2,USA,,
-0.2155,1996,3,USA,,
5.99605,1996,4,USA,,
12.8013,1996,5,USA,,
17.9778,1996,6,USA,,
20.1886,1996,7,USA,,
18.9605,1996,8,USA,,
13.828,1996,9,USA,,
6.7691,1996,10,USA,,
-0.6427,1996,11,USA,,
-4.5711,1996,12,USA,,
-6.5211,1997,1,USA,,
-2.0453,1997,2,USA,,
0.55369,1997,3,USA,,
4.81853,1997,4,USA,,
12.0507,1997,5,USA,,
17.4066,1997,6,USA,,
19.9506,1997,7,USA,,
19.0516,1997,8,USA,,
15.7442,1997,9,USA,,
7.16101,1997,10,USA,,
0.78698,1997,11,USA,,
-4.0951,1997,12,USA,,
-3.9887,1998,1,USA,,
-1.3943,1998,2,USA,,
1.05101,1998,3,USA,,
7.13169,1998,4,USA,,
13.4804,1998,5,USA,,
17.0844,1998,6,USA,,
20.847,1998,7,USA,,
19.5461,1998,8,USA,,
16.5227,1998,9,USA,,
8.50621,1998,10,USA,,
2.12893,1998,11,USA,,
-3.5139,1998,12,USA,,
-5.3647,1999,1,USA,,
-2.8118,1999,2,USA,,
0.09581,1999,3,USA,,
6.05264,1999,4,USA,,
12.0167,1999,5,USA,,
17.2406,1999,6,USA,,
20.224,1999,7,USA,,
19.4469,1999,8,USA,,
14.3906,1999,9,USA,,
7.67338,1999,10,USA,,
2.31753,1999,11,USA,,
-3.9927,1999,12,USA,,
-4.8978,2000,1,USA,,
-0.2944,2000,2,USA,,
2.38508,2000,3,USA,,
6.61306,2000,4,USA,,
12.8513,2000,5,USA,,
17.4026,2000,6,USA,,
19.8594,2000,7,USA,,
19.3451,2000,8,USA,,
14.5289,2000,9,USA,,
8.1762,2000,10,USA,,
-0.6575,2000,11,USA,,
-5.4792,2000,12,USA,,
-3.8619,2001,1,USA,,
-3.0089,2001,2,USA,,
-0.0083,2001,3,USA,,
7.12103,2001,4,USA,,
12.5613,2001,5,USA,,
17.6893,2001,6,USA,,
20.2631,2001,7,USA,,
19.8456,2001,8,USA,,
15.2009,2001,9,USA,,
7.39831,2001,10,USA,,
2.32349,2001,11,USA,,
-3.7176,2001,12,USA,,
-3.1715,2002,1,USA,,
-2.7628,2002,2,USA,,
-0.5114,2002,3,USA,,
6.52768,2002,4,USA,,
12.1286,2002,5,USA,,
18.1821,2002,6,USA,,
20.9967,2002,7,USA,,
19.0695,2002,8,USA,,
15.7628,2002,9,USA,,
7.48287,2002,10,USA,,
1.93888,2002,11,USA,,
-2.1399,2002,12,USA,,
-4.2048,2003,1,USA,,
-3.3063,2003,2,USA,,
0.65983,2003,3,USA,,
6.97499,2003,4,USA,,
12.5047,2003,5,USA,,
17.264,2003,6,USA,,
20.886,2003,7,USA,,
20.0908,2003,8,USA,,
14.4822,2003,9,USA,,
9.69952,2003,10,USA,,
1.07,2003,11,USA,,
-3.3668,2003,12,USA,,
-6.6293,2004,1,USA,,
-3.6808,2004,2,USA,,
2.09822,2004,3,USA,,
7.36164,2004,4,USA,,
13.5854,2004,5,USA,,
17.7194,2004,6,USA,,
20.3215,2004,7,USA,,
18.8864,2004,8,USA,,
14.7916,2004,9,USA,,
9.07185,2004,10,USA,,
1.88028,2004,11,USA,,
-3.0366,2004,12,USA,,
-4.623,2005,1,USA,,
-2.1747,2005,2,USA,,
1.29678,2005,3,USA,,
6.7169,2005,4,USA,,
12.7476,2005,5,USA,,
18.0016,2005,6,USA,,
20.9663,2005,7,USA,,
19.8308,2005,8,USA,,
16.1066,2005,9,USA,,
8.87446,2005,10,USA,,
0.71667,2005,11,USA,,
-3.5471,2005,12,USA,,
-2.9843,2006,1,USA,,
-2.5823,2006,2,USA,,
0.10305,2006,3,USA,,
7.54713,2006,4,USA,,
13.4557,2006,5,USA,,
18.3356,2006,6,USA,,
21.3661,2006,7,USA,,
19.3644,2006,8,USA,,
14.5534,2006,9,USA,,
8.17842,2006,10,USA,,
0.88973,2006,11,USA,,
-2.3496,2006,12,USA,,
-5.4579,2007,1,USA,,
-4.5598,2007,2,USA,,
1.13638,2007,3,USA,,
6.76317,2007,4,USA,,
13.3396,2007,5,USA,,
18.1378,2007,6,USA,,
20.9755,2007,7,USA,,
20.5864,2007,8,USA,,
15.8943,2007,9,USA,,
9.20662,2007,10,USA,,
2.33259,2007,11,USA,,
-3.6448,2007,12,USA,,
-6.0134,2008,1,USA,,
-4.139,2008,2,USA,,
0.2572,2008,3,USA,,
6.03457,2008,4,USA,,
12.2047,2008,5,USA,,
17.7104,2008,6,USA,,
20.2119,2008,7,USA,,
19.0756,2008,8,USA,,
15.0467,2008,9,USA,,
7.33345,2008,10,USA,,
0.99278,2008,11,USA,,
-4.6319,2008,12,USA,,
-6.08,2009,1,USA,,
-2.8759,2009,2,USA,,
0.13005,2009,3,USA,,
6.17062,2009,4,USA,,
13.1734,2009,5,USA,,
17.4177,2009,6,USA,,
20.0908,2009,7,USA,,
18.9133,2009,8,USA,,
15.6144,2009,9,USA,,
7.07,2009,10,USA,,
1.63542,2009,11,USA,,
-5.2797,2009,12,USA,,
-5.9172,2010,1,USA,,
-4.0751,2010,2,USA,,
0.98927,2010,3,USA,,
7.62067,2010,4,USA,,
12.5773,2010,5,USA,,
18.0564,2010,6,USA,,
20.4526,2010,7,USA,,
20.1705,2010,8,USA,,
15.559,2010,9,USA,,
9.1898,2010,10,USA,,
1.38027,2010,11,USA,,
-5.3136,2010,12,USA,,
-5.7548,2011,1,USA,,
-4.1138,2011,2,USA,,
0.75979,2011,3,USA,,
6.49159,2011,4,USA,,
12.2422,2011,5,USA,,
17.8582,2011,6,USA,,
21.0735,2011,7,USA,,
20.1638,2011,8,USA,,
15.4942,2011,9,USA,,
9.02666,2011,10,USA,,
0.40554,2011,11,USA,,
-2.7259,2011,12,USA,,
-5.4046,2012,1,USA,,
-1.4569,2012,2,USA,,
2.74047,2012,3,USA,,
8.05455,2012,4,USA,,
13.509,2012,5,USA,,
18.4199,2012,6,USA,,
21.4416,2012,7,USA,,
19.8489,2012,8,USA,,
15.2615,2012,9,USA,,
7.88116,2012,10,USA,,
1.96075,2012,11,USA,,
-3.6506,2012,12,USA,,
-4.3173,2013,1,USA,,
-3.5062,2013,2,USA,,
-0.1942,2013,3,USA,,
4.60962,2013,4,USA,,
12.2673,2013,5,USA,,
18.6739,2013,6,USA,,
20.7085,2013,7,USA,,
19.7316,2013,8,USA,,
15.6535,2013,9,USA,,
8.82506,2013,10,USA,,
0.53593,2013,11,USA,,
-5.2579,2013,12,USA,,
-3.7368,2014,1,USA,,
-4.7058,2014,2,USA,,
0.06626,2014,3,USA,,
6.86896,2014,4,USA,,
13.3304,2014,5,USA,,
17.5542,2014,6,USA,,
19.9613,2014,7,USA,,
19.5003,2014,8,USA,,
15.5667,2014,9,USA,,
9.13255,2014,10,USA,,
0.42014,2014,11,USA,,
-1.2558,2014,12,USA,,
-4.2714,2015,1,USA,,
-3.6229,2015,2,USA,,
2.27675,2015,3,USA,,
7.57875,2015,4,USA,,
13.533,2015,5,USA,,
18.9059,2015,6,USA,,
20.4831,2015,7,USA,,
19.3786,2015,8,USA,,
16.0969,2015,9,USA,,
10.121,2015,10,USA,,
2.45177,2015,11,USA,,
-1.4249,2015,12,USA,,