Region,Latitude,Longitude
AB,53.9225,-111.0585
AB,53.0635,-112.3067
AB,51.9565,-110.0761
AB,53.8486,-114.4361
AB,54.2653,-115.3827
AB,56.6598,-117.2896
AB,49.8442,-110.78
AB,49.7318,-112.6171
AB,49.8736,-113.5074
AB,52.0306,-113.9565
AB,58.759,-111.0874
AB,59.8685,-111.6329
AB,50.0365,-110.661
AB,50.0172,-110.651
AB,50.0556,-110.6822
AB,49.7773,-112.158
AB,49.7118,-112.8196
AB,49.6915,-112.8294
AB,49.6765,-112.8035
AB,51.1791,-115.5697
AB,49.7285,-112.6146
AB,51.0459,-113.3967
AB,50.5659,-111.8896
AB,50.7064,-113.9554
AB,50.5775,-113.8747
AB,51.0868,-115.3384
AB,51.0512,-113.8155
AB,51.0759,-114.0015
AB,51.0402,-113.9844
AB,51.0318,-113.9786
AB,50.9878,-114.0001
AB,51.0632,-114.0614
AB,51.0415,-114.0599
AB,50.9857,-114.0631
AB,50.9693,-114.0514
AB,51.0857,-114.0714
AB,51.0917,-114.1127
AB,51.0696,-114.0862
AB,51.0591,-114.1146
AB,51.0472,-114.0802
AB,51.0426,-114.0791
AB,51.0171,-114.0812
AB,51.0316,-114.0994
AB,50.9909,-114.074
AB,50.9604,-114.1001
AB,50.9204,-114.0674
AB,50.9093,-114.0721
AB,50.9023,-113.9873
AB,51.0922,-114.1479
AB,51.0809,-114.1616
AB,51.0388,-114.098
AB,51.0227,-114.1342
AB,51.1147,-114.1796
AB,51.0566,-114.1815
AB,51.0999,-113.9422
AB,51.127,-114.0787
AB,51.1162,-114.2089
AB,50.8902,-113.9892
AB,51.1494,-114.0019
AB,51.1793,-114.1333
AB,51.1497,-114.2695
AB,50.9821,-114.5178
AB,51.2733,-113.9909
AB,51.2816,-114.0153
AB,51.1896,-114.4774
AB,52.2911,-113.7027
AB,52.029,-113.9474
AB,51.7956,-114.0944
AB,52.6649,-113.5823
AB,52.36,-114.3736
AB,52.2592,-113.8237
AB,52.2887,-113.8394
AB,52.2451,-113.7855
AB,52.3083,-114.0949
AB,52.378,-114.9307
AB,53.0204,-112.8129
AB,53.3571,-113.4129
AB,53.5899,-113.4413
AB,53.5766,-113.4608
AB,53.6129,-113.4572
AB,53.5923,-113.5168
AB,53.5682,-113.4822
AB,53.555,-113.4822
AB,53.5421,-113.4989
AB,53.535,-113.501
AB,53.5801,-113.541
AB,53.5614,-113.5461
AB,53.5495,-113.5453
AB,53.5529,-113.584
AB,53.5224,-113.5763
AB,53.5416,-113.6249
AB,53.5157,-113.6339
AB,53.58,-113.5873
AB,53.5705,-113.4036
AB,53.6072,-113.5183
AB,53.6026,-113.3837
AB,53.5966,-113.4882
AB,53.5483,-113.408
AB,53.5322,-113.4404
AB,53.5182,-113.4769
AB,53.5087,-113.5078
AB,53.5248,-113.5334
AB,53.4839,-113.5227
AB,53.4822,-113.5269
AB,53.4816,-113.4623
AB,53.4681,-113.4339
AB,53.4967,-113.6162
AB,53.458,-113.4826
AB,53.4996,-113.3678
AB,53.4782,-113.5873
AB,53.5729,-113.3518
AB,53.4768,-113.3662
AB,53.6202,-113.543
AB,53.4129,-113.4957
AB,53.4154,-113.4917
AB,53.2165,-114.9893
AB,53.5908,-116.4104
AB,54.1136,-114.3932
AB,54.166,-113.8452
AB,54.1407,-115.6873
AB,53.3981,-117.5552
AB,53.549,-113.8995
AB,53.4495,-113.7135
AB,53.5202,-114.0135
AB,53.519,-113.3216
AB,53.4482,-113.2706
AB,53.4162,-113.148
AB,53.4548,-113.0498
AB,53.4749,-112.9512
AB,53.5462,-113.2562
AB,53.6916,-113.2286
AB,53.6199,-113.6377
AB,53.7903,-113.646
AB,56.2539,-117.2849
AB,55.1726,-118.7997
AB,55.1389,-118.773
AB,55.1749,-118.7633
AB,52.9741,-113.3646
AB,53.4874,-112.0636
AB,53.2524,-113.5388
AB,53.3632,-113.7286
AB,56.6977,-111.3389
AB,56.7057,-111.3723
AB,56.7273,-111.4361
AB,54.4127,-110.2162
AB,54.2678,-110.7324
AB,54.7139,-113.2942
AB,53.2786,-110.0233
AB,52.8403,-110.8704
AB,53.3515,-110.8451
BC,50.5402,-116.0019
BC,49.4539,-116.763
BC,56.2478,-120.8491
BC,50.9647,-119.1638
BC,49.7332,-116.913
BC,49.2357,-119.0117
BC,55.2046,-129.0828
BC,50.7372,-121.2713
BC,52.4018,-124.0226
BC,49.2341,-121.7705
BC,50.5899,-126.9517
BC,50.898,-124.8633
BC,49.2818,-126.0627
BC,48.5788,-123.4637
BC,54.7992,-130.0782
BC,53.4242,-129.263
BC,59.4808,-133.6312
BC,49.0538,-122.476
BC,49.6626,-115.9667
BC,50.2158,-119.2709
BC,49.512,-115.7703
BC,50.6947,-119.2915
BC,55.7741,-120.2533
BC,50.2629,-119.3037
BC,56.2306,-120.8277
BC,50.1076,-120.7755
BC,49.4832,-117.3031
BC,49.164,-122.656
BC,49.3298,-117.6607
BC,49.8808,-119.3647
BC,49.1135,-117.716
BC,50.6553,-120.3811
BC,50.2533,-119.2798
BC,49.929,-119.4676
BC,49.842,-119.4903
BC,49.8754,-119.3958
BC,49.8803,-119.5004
BC,49.88,-119.5355
BC,49.5031,-119.5905
BC,50.6903,-120.3634
BC,50.6764,-120.3399
BC,50.6598,-120.3837
BC,52.1276,-122.1271
BC,50.6902,-120.0461
BC,52.9692,-122.5057
BC,53.9313,-122.7823
BC,53.9112,-122.728
BC,53.928,-122.7878
BC,53.9103,-122.7835
BC,49.1551,-121.9459
BC,49.1409,-121.962
BC,49.0312,-122.3012
BC,49.0382,-122.335
BC,49.1337,-122.3434
BC,49.2201,-122.4985
BC,49.2007,-122.6641
BC,49.1175,-122.6684
BC,49.0501,-122.6745
BC,49.0764,-122.6797
BC,49.2733,-122.7965
BC,49.2334,-122.77
BC,49.2796,-122.8105
BC,49.0625,-122.2457
BC,49.2707,-122.883
BC,49.2536,-122.9085
BC,49.2358,-122.8693
BC,49.2136,-122.8949
BC,49.2007,-122.9074
BC,49.2201,-122.9478
BC,49.1641,-122.8193
BC,49.1011,-122.8141
BC,49.1783,-122.8665
BC,49.1647,-122.8487
BC,49.0992,-122.8691
BC,49.1173,-122.8234
BC,49.2273,-122.6883
BC,49.0168,-122.7738
BC,49.0268,-122.8369
BC,49.1348,-122.9131
BC,49.0482,-122.9587
BC,49.1367,-123.0115
BC,49.0798,-123.0882
BC,49.0023,-123.0368
BC,49.0025,-123.0746
BC,49.1636,-122.7677
BC,49.0499,-122.804
BC,49.2225,-122.4984
BC,49.1589,-122.3089
BC,49.838,-119.6667
BC,50.0734,-119.4444
BC,49.1307,-122.5369
BC,49.0024,-122.4419
BC,49.146,-121.9435
BC,49.2869,-122.958
BC,49.2846,-122.9914
BC,49.2848,-123.0222
BC,49.2124,-122.9696
BC,49.2591,-123.0226
BC,49.2371,-123.0229
BC,49.2218,-123.022
BC,49.293,-123.0489
BC,49.2835,-123.0786
BC,49.2695,-123.0556
BC,49.2699,-123.0765
BC,49.2393,-123.0729
BC,49.2499,-123.0556
BC,49.2286,-123.057
BC,49.2701,-123.1038
BC,49.2558,-123.1037
BC,49.2396,-123.0984
BC,49.2249,-123.1052
BC,49.2702,-123.1017
BC,49.2658,-123.1151
BC,49.2862,-123.0925
BC,49.2836,-123.1041
BC,49.2857,-123.1142
BC,49.2848,-123.1228
BC,49.289,-123.1294
BC,49.2661,-123.1276
BC,49.2768,-123.1469
BC,49.2738,-123.161
BC,49.2571,-123.1662
BC,49.2417,-123.1293
BC,49.2376,-123.1639
BC,49.2254,-123.1176
BC,49.273,-123.185
BC,49.2574,-123.1836
BC,49.2765,-123.2177
BC,49.1699,-123.0912
BC,49.1261,-123.0897
BC,49.1701,-123.1438
BC,49.1483,-123.1469
BC,49.2814,-123.12
BC,49.1467,-123.1463
BC,49.178,-123.1701
BC,49.1745,-123.1978
BC,49.1476,-123.1897
BC,49.304,-122.9689
BC,49.3011,-123.0205
BC,49.3016,-123.0309
BC,49.3322,-123.0518
BC,49.3042,-123.0651
BC,49.3111,-123.0798
BC,49.3325,-123.0674
BC,49.3181,-123.096
BC,49.3328,-123.1043
BC,49.3585,-123.1186
BC,49.324,-123.1036
BC,49.3271,-123.1578
BC,49.3465,-123.238
BC,49.2935,-123.1162
BC,49.2816,-123.1247
BC,49.8021,-124.5124
BC,49.7497,-123.136
BC,54.0662,-128.6508
BC,54.5058,-128.5823
BC,54.3146,-130.3413
BC,48.9145,-123.5657
BC,48.6128,-123.4198
BC,48.566,-123.4579
BC,48.471,-123.3438
BC,48.4458,-123.3328
BC,48.4266,-123.3444
BC,48.4061,-123.3504
BC,48.4278,-123.3574
BC,48.4192,-123.3856
BC,48.4202,-123.3671
BC,48.4488,-123.3501
BC,48.501,-123.3804
BC,48.4449,-123.3745
BC,48.449,-123.3842
BC,48.4519,-123.4417
BC,48.4544,-123.458
BC,48.4633,-123.4538
BC,50.089,-125.3444
BC,49.9164,-125.1875
BC,49.8684,-125.1252
BC,49.3506,-124.409
BC,48.7768,-123.7077
BC,49.6728,-124.947
BC,49.686,-125.0191
BC,49.3233,-124.3227
BC,49.136,-123.9483
BC,49.174,-123.9422
BC,49.2079,-123.979
BC,49.2477,-124.0501
BC,50.0059,-125.2343
BC,49.1207,-123.9284
BC,49.2197,-124.8101
MB,49.0563,-96.1126
MB,55.8244,-98.8348
MB,50.7011,-97.1462
MB,50.4275,-95.3439
MB,49.0698,-98.7619
MB,49.7223,-99.0009
MB,50.7774,-99.5546
MB,49.0694,-99.527
MB,52.4175,-100.9577
MB,50.0226,-101.3637
MB,50.1483,-96.8756
MB,50.0958,-96.9329
MB,49.9694,-98.3131
MB,49.9069,-97.0011
MB,49.9611,-97.0212
MB,49.9465,-97.0585
MB,49.8792,-97.1062
MB,49.8717,-97.0765
MB,49.9225,-97.0947
MB,49.9069,-97.0845
MB,49.853,-97.0998
MB,49.819,-97.0926
MB,49.9585,-97.1796
MB,49.9324,-97.1988
MB,49.9378,-97.1183
MB,49.9241,-97.1292
MB,49.928,-97.1618
MB,49.8963,-97.297
MB,49.9004,-97.1457
MB,49.8972,-97.1366
MB,49.8788,-97.159
MB,49.9139,-97.1847
MB,49.8826,-97.1623
MB,49.8971,-97.2163
MB,49.8858,-97.2601
MB,49.8811,-97.3194
MB,49.8671,-97.1225
MB,49.8663,-97.1639
MB,49.8722,-97.1888
MB,49.834,-97.1865
MB,49.854,-97.2712
MB,49.842,-97.3083
MB,49.849,-97.1497
MB,49.7732,-97.1561
MB,49.8968,-97.0279
MB,49.8378,-97.0675
MB,49.8275,-97.183
MB,49.977,-97.0633
MB,49.8628,-97.3348
MB,49.8987,-97.3843
MB,49.8298,-97.7549
MB,49.8943,-97.5178
MB,49.7082,-96.9867
MB,49.5264,-96.6867
MB,49.6667,-96.648
MB,49.1861,-98.1204
MB,49.1859,-97.9396
MB,49.8431,-99.9452
MB,49.8373,-99.9747
MB,49.8688,-99.9684
MB,51.1465,-100.0421
MB,54.76,-101.8704
MB,55.7428,-97.8779
MB,53.8228,-101.2356
NB,46.0625,-64.7105
NB,46.0738,-64.755
NB,46.0888,-64.7723
NB,46.0599,-64.844
NB,46.1117,-64.834
NB,46.1506,-64.6799
NB,45.9829,-64.8634
NB,47.0155,-65.5071
NB,47.0085,-65.5833
NB,47.7624,-65.0324
NB,47.4883,-64.9189
NB,47.6605,-65.6414
NB,45.4165,-65.9913
NB,45.4397,-65.9392
NB,45.3481,-66.0186
NB,45.286,-66.0421
NB,45.2746,-66.0871
NB,45.2742,-66.0645
NB,45.2758,-66.0845
NB,45.3151,-65.9615
NB,45.2488,-66.0025
NB,45.2735,-66.0099
NB,45.3679,-65.9564
NB,45.8509,-66.467
NB,45.9784,-66.6905
NB,45.9535,-66.6704
NB,45.9356,-66.6609
NB,45.8134,-66.932
NB,45.1728,-67.2946
NB,48.0091,-66.6707
NB,47.3614,-68.3218
NB,47.052,-67.7368
NB,47.0471,-67.7527
NB,46.1655,-65.872
NB,45.9393,-66.09
NB,45.808,-65.9652
NB,45.7223,-65.5108
NB,45.9078,-65.5334
NB,45.9078,-64.8245
NB,45.9787,-64.9898
NB,46.0477,-64.6202
NB,45.8919,-64.3699
NB,46.0957,-63.9068
NB,46.2313,-64.2615
NB,46.2165,-64.5128
NB,46.2324,-64.785
NB,46.4171,-64.9241
NB,46.3026,-64.9648
NB,46.3131,-64.5853
NB,46.6493,-64.8842
NB,46.735,-64.9744
NB,46.7333,-65.4489
NB,45.751,-65.048
NB,45.2441,-66.9929
NB,45.0732,-67.0428
NB,45.2441,-66.9929
NB,44.887,-66.95
NB,44.6586,-66.8625
NB,45.0766,-66.77
NB,45.2116,-66.3491
NB,45.331,-66.2095
NB,45.5281,-66.511
NB,45.6287,-66.1751
NB,45.5263,-65.8155
NB,45.8489,-65.788
NB,45.3849,-65.6331
NB,45.3571,-66.0858
NB,45.6769,-65.884
NB,45.0481,-66.9556
NB,46.2767,-66.7384
NB,46.2324,-66.6683
NB,45.9523,-66.6717
NB,46.1296,-67.1953
NB,45.9942,-67.2397
NB,45.7207,-67.6516
NB,45.5927,-67.2973
NB,45.6975,-66.9557
NB,46.12,-66.9477
NB,47.2542,-68.7211
NB,47.4785,-68.415
NB,47.3516,-68.2208
NB,47.1717,-67.925
NB,46.9097,-67.3971
NB,46.7284,-67.7057
NB,46.5082,-67.5871
NB,46.4328,-67.7105
NB,46.4418,-67.63
NB,46.1368,-67.5817
NB,46.0089,-67.7236
NB,46.3709,-67.445
NB,47.5021,-67.3897
NB,47.6454,-67.3437
NB,48.0477,-66.4004
NB,47.9879,-66.5145
NB,47.8741,-65.9102
NB,47.7634,-65.8276
NB,47.6736,-65.6795
NB,47.5887,-65.0979
NB,47.8022,-65.1862
NB,47.8219,-65.0917
NB,47.6656,-64.9543
NB,47.7443,-64.7222
NB,47.7456,-64.7143
NB,47.792,-64.652
NB,46.7385,-65.8528
NB,46.7772,-65.8638
NB,46.4477,-66.2584
NB,46.9795,-65.6715
NB,47.2316,-65.1378
NB,47.3272,-65.011
NL,47.0073,-52.9589
NL,47.7609,-53.9834
NL,48.3464,-53.9646
NL,47.3597,-54.8984
NL,49.4536,-54.1045
NL,49.1301,-56.0845
NL,49.5959,-55.6739
NL,51.2327,-56.7969
NL,48.9934,-58.1009
NL,48.1816,-58.858
NL,48.6113,-58.8736
NL,55.8889,-60.8805
NL,53.5329,-64.0145
NL,47.571,-52.6961
NL,47.5736,-52.7083
NL,47.5677,-52.7031
NL,47.5507,-52.7147
NL,47.5295,-52.7417
NL,47.4926,-52.8123
NL,47.6542,-52.7367
NL,47.5363,-52.8389
NL,47.5982,-52.8384
NL,47.5203,-52.7789
NL,47.462,-52.7895
NL,48.9632,-54.6169
NL,47.5329,-52.9132
NL,47.5238,-52.9595
NL,48.9268,-55.6613
NL,48.9249,-55.6493
NL,48.949,-55.6725
NL,48.9654,-57.9225
NL,48.5656,-58.6
NL,52.9348,-66.9145
NL,48.1666,-53.9628
NL,49.1778,-57.413
NS,46.2811,-60.2825
NS,45.5148,-60.966
NS,45.6051,-61.6975
NS,45.1458,-61.8108
NS,45.5808,-62.1969
NS,45.5802,-64.6646
NS,45.3317,-64.7596
NS,44.8794,-63.7254
NS,45.0191,-64.8882
NS,44.7424,-65.5111
NS,44.6491,-65.5472
NS,43.7029,-65.1119
NS,44.03,-65.9445
NS,43.8187,-65.9517
NS,46.1794,-59.9477
NS,46.1365,-59.8717
NS,46.2152,-60.2452
NS,46.2003,-60.0215
NS,46.2063,-60.0255
NS,46.2295,-60.0941
NS,45.8365,-60.4435
NS,46.1309,-60.1864
NS,46.0911,-60.2462
NS,46.169,-60.1013
NS,46.167,-60.1943
NS,46.1337,-60.1939
NS,46.1224,-60.2236
NS,46.1334,-60.1947
NS,46.1122,-60.2372
NS,46.2383,-60.2165
NS,45.9245,-60.6449
NS,46.2667,-60.4333
NS,46.1811,-60.5067
NS,46.2397,-60.0998
NS,45.6218,-62.0004
NS,45.6272,-61.9977
NS,45.6243,-61.9996
NS,45.5937,-62.6585
NS,45.3747,-63.2951
NS,45.3486,-63.3029
NS,44.7431,-63.5144
NS,44.9775,-63.4209
NS,44.8488,-63.5999
NS,44.669,-63.5019
NS,44.6449,-63.5433
NS,44.6829,-63.5442
NS,44.7314,-63.6482
NS,44.7104,-63.4759
NS,44.6663,-63.5763
NS,44.6886,-63.6076
NS,44.7227,-63.3973
NS,44.6156,-63.4929
NS,44.6224,-63.5736
NS,44.641,-63.5682
NS,44.6514,-63.5818
NS,44.6464,-63.5929
NS,44.6617,-63.6291
NS,44.6327,-63.6219
NS,44.6284,-63.596
NS,44.5829,-63.5671
NS,44.6408,-63.6723
NS,44.6404,-63.6888
NS,44.5682,-63.6177
NS,44.5539,-63.8307
NS,44.7089,-63.6676
NS,44.7235,-63.6899
NS,44.7765,-63.6854
NS,44.7803,-63.6916
NS,44.805,-63.667
NS,45.8353,-64.2182
NS,45.0899,-64.4963
NS,45.0917,-64.3599
NS,44.3695,-64.5197
NS,44.3683,-64.506
NS,43.8245,-66.1207
NS,45.612,-61.3486
NWT,62.4043,-110.7417
NWT,60.25,-123.41
NWT,62.4725,-114.3417
NU,70.4643,-68.4789
NU,67.6963,-107.9068
NU,62.2237,-92.5904
ON,45.1953,-76.1496
ON,45.4131,-74.9148
ON,45.2228,-75.032
ON,44.6478,-75.7656
ON,45.0113,-75.6459
ON,44.2166,-76.6455
ON,45.3985,-78.0836
ON,44.0594,-77.386
ON,44.8324,-77.9302
ON,44.438,-78.6828
ON,45.4207,-75.7023
ON,45.4325,-75.5624
ON,45.4805,-75.5237
ON,45.4882,-75.5199
ON,45.4118,-75.6304
ON,45.3938,-75.6639
ON,45.422,-75.6303
ON,45.4354,-75.6475
ON,45.44,-75.6524
ON,45.4461,-75.6744
ON,45.3176,-75.895
ON,45.423,-75.702
ON,45.4,-75.7235
ON,45.4127,-75.6742
ON,45.352,-75.6421
ON,45.3523,-75.6512
ON,45.436,-75.5471
ON,45.2884,-75.5992
ON,45.399,-75.7304
ON,45.3956,-75.7462
ON,45.3778,-75.7632
ON,45.3679,-75.7888
ON,45.3594,-75.7523
ON,45.3353,-75.7209
ON,45.3286,-75.7703
ON,45.3155,-75.837
ON,45.2882,-75.7566
ON,45.3339,-75.9098
ON,45.3125,-75.8838
ON,45.2884,-75.8648
ON,45.4129,-75.6901
ON,45.2776,-75.7902
ON,45.2573,-75.9153
ON,45.3121,-75.9217
ON,45.3018,-75.9081
ON,45.3564,-75.9445
ON,45.4769,-75.4835
ON,45.4251,-75.4288
ON,45.5177,-75.4108
ON,45.5415,-75.3062
ON,45.2289,-75.6817
ON,45.258,-75.5762
ON,45.2573,-75.3675
ON,45.6101,-74.6085
ON,45.0186,-74.7129
ON,45.0149,-74.7279
ON,45.0607,-74.7542
ON,44.618,-75.6895
ON,44.5906,-75.6808
ON,44.8995,-76.021
ON,45.135,-76.1313
ON,44.3319,-76.1471
ON,44.902,-76.2457
ON,44.2322,-76.4799
ON,44.231,-76.4791
ON,44.2274,-76.5134
ON,44.2255,-76.629
ON,44.2507,-76.5828
ON,44.2538,-76.943
ON,45.4238,-76.3624
ON,45.4779,-76.6731
ON,45.8173,-77.1174
ON,45.815,-77.1107
ON,45.9151,-77.2754
ON,44.1607,-77.369
ON,44.1605,-77.3846
ON,44.1312,-77.4521
ON,44.1106,-77.5569
ON,43.9851,-78.1621
ON,44.299,-78.3145
ON,44.2763,-78.313
ON,44.279,-78.3659
ON,44.3238,-78.303
ON,44.3512,-78.7192
ON,44.1836,-78.5563
ON,44.0286,-79.0015
ON,44.0371,-79.1964
ON,44.2406,-79.357
ON,44.1595,-79.8733
ON,43.9282,-79.1201
ON,43.7788,-79.4991
ON,44.6072,-79.6291
ON,44.1535,-79.8683
ON,44.1476,-79.872
ON,43.8582,-80.0696
ON,43.7882,-79.6754
ON,43.1661,-80.0702
ON,43.0796,-79.199
ON,43.9427,-78.2944
ON,43.8966,-78.6309
ON,43.9014,-78.6755
ON,43.914,-78.6925
ON,43.898,-78.8656
ON,43.8973,-78.8641
ON,43.8587,-78.8341
ON,43.9091,-78.8088
ON,43.9527,-78.8795
ON,43.9561,-78.9556
ON,43.8581,-78.9319
ON,43.8744,-78.9638
ON,43.9018,-78.9347
ON,43.8265,-78.9991
ON,43.8603,-79.0434
ON,43.8087,-79.1307
ON,43.8125,-79.0827
ON,43.8449,-79.0996
ON,43.9903,-79.1004
ON,43.8627,-79.0136
ON,42.8845,-78.9398
ON,43.0939,-79.0699
ON,43.0963,-79.074
ON,43.1148,-79.1238
ON,43.1155,-79.0916
ON,43.2237,-79.2191
ON,43.1751,-79.2389
ON,43.1418,-79.2133
ON,43.1719,-79.227
ON,43.1275,-79.2631
ON,43.1334,-79.1989
ON,43.1017,-79.1997
ON,43.1743,-79.2744
ON,42.9859,-79.2232
ON,42.9989,-79.2466
ON,42.8754,-79.237
ON,43.2005,-79.6292
ON,43.8605,-79.3279
ON,43.86,-79.3605
ON,43.831,-79.2768
ON,43.7984,-79.4186
ON,44.6039,-79.4126
ON,44.0464,-79.4874
ON,44.0414,-79.4534
ON,44.1208,-79.5656
ON,43.9707,-79.2503
ON,43.8417,-79.4011
ON,43.8759,-79.4381
ON,43.9423,-79.4595
ON,43.9909,-79.4639
ON,43.8084,-79.6089
ON,43.7964,-79.4278
ON,43.7848,-79.4811
ON,43.7886,-79.5919
ON,44.3885,-79.6886
ON,44.3891,-79.6901
ON,44.2421,-79.4818
ON,44.7542,-79.9005
ON,43.8975,-79.4415
ON,43.6951,-79.6525
ON,43.6879,-79.6072
ON,43.6272,-79.6222
ON,43.5996,-79.5664
ON,43.5854,-79.583
ON,43.6092,-79.6201
ON,43.5701,-79.5985
ON,43.5665,-79.6035
ON,43.5591,-79.6186
ON,43.571,-79.5668
ON,43.5581,-79.5738
ON,43.5472,-79.585
ON,43.5146,-79.6063
ON,43.5319,-79.6403
ON,43.5372,-79.6667
ON,43.5747,-79.7278
ON,43.5892,-79.7239
ON,43.6904,-79.6238
ON,43.5974,-79.6402
ON,43.6975,-79.6615
ON,43.6578,-79.6607
ON,43.6097,-79.704
ON,43.6261,-79.729
ON,43.857,-79.514
ON,43.8845,-79.2339
ON,43.8842,-79.3359
ON,43.8927,-79.2641
ON,43.8478,-79.3447
ON,43.4543,-79.6921
ON,43.4427,-79.6664
ON,43.4401,-79.669
ON,43.4037,-79.6934
ON,43.4453,-79.7095
ON,43.7794,-79.7284
ON,43.7494,-79.7511
ON,43.7153,-79.7321
ON,43.6892,-79.7079
ON,43.7074,-79.7853
ON,43.6746,-79.724
ON,43.6858,-79.7602
ON,43.6699,-79.7444
ON,43.7304,-79.8042
ON,43.7023,-79.7909
ON,43.9327,-79.5104
ON,43.7467,-79.8304
ON,43.8628,-79.7147
ON,43.644,-79.8787
ON,43.634,-80.0491
ON,43.3479,-79.7593
ON,43.3585,-79.8093
ON,43.3336,-79.7771
ON,43.3503,-79.8117
ON,43.3248,-79.7957
ON,43.304,-79.7991
ON,43.3018,-79.8497
ON,43.2318,-79.7696
ON,43.2298,-79.7722
ON,43.2369,-79.7991
ON,43.1907,-79.7878
ON,43.2424,-79.8192
ON,43.2645,-79.8664
ON,43.2522,-79.8489
ON,43.2566,-79.8683
ON,43.257,-79.8697
ON,43.2574,-79.8676
ON,43.2604,-79.8961
ON,43.2365,-79.8338
ON,43.2428,-79.8524
ON,43.2141,-79.8626
ON,43.241,-79.8452
ON,43.2116,-79.8915
ON,43.2432,-79.876
ON,43.2199,-79.9874
ON,43.2638,-79.9505
ON,43.2359,-79.9403
ON,44.0905,-78.9479
ON,44.7672,-79.9385
ON,44.1315,-79.4823
ON,44.1065,-79.1427
ON,44.1513,-79.8744
ON,44.2871,-79.6703
ON,43.5034,-79.8773
ON,43.9471,-80.1091
ON,43.9258,-80.1056
ON,44.5029,-80.2176
ON,44.5208,-80.0162
ON,43.7976,-79.227
ON,43.7882,-79.1911
ON,43.7385,-79.2021
ON,43.7563,-79.2224
ON,43.7563,-79.2417
ON,43.7315,-79.246
ON,43.7025,-79.2656
ON,43.6905,-79.2857
ON,43.7041,-79.2446
ON,43.6748,-79.2764
ON,43.7422,-79.2818
ON,43.7293,-79.3038
ON,43.7807,-79.2855
ON,43.7719,-79.3213
ON,43.813,-79.2781
ON,43.7822,-79.3261
ON,43.8275,-79.2437
ON,43.7895,-79.3735
ON,43.7685,-79.3584
ON,43.7657,-79.3835
ON,43.7352,-79.3818
ON,43.784,-79.4263
ON,43.7521,-79.4202
ON,43.7393,-79.4005
ON,43.7648,-79.4325
ON,43.7358,-79.328
ON,43.7363,-79.3498
ON,43.7122,-79.3237
ON,43.7387,-79.4337
ON,43.7496,-79.4886
ON,43.7271,-79.4666
ON,43.7183,-79.5119
ON,43.72,-79.5085
ON,43.7387,-79.5166
ON,43.7159,-79.3037
ON,43.6979,-79.2986
ON,43.68,-79.3218
ON,43.6675,-79.296
ON,43.6918,-79.3708
ON,43.7018,-79.3578
ON,43.6713,-79.3412
ON,43.6668,-79.3501
ON,43.662,-79.3281
ON,43.6505,-79.3369
ON,43.7168,-79.3998
ON,43.7066,-79.398
ON,43.7066,-79.3996
ON,43.6964,-79.3953
ON,43.6825,-79.3897
ON,43.6778,-79.3992
ON,43.6699,-79.3887
ON,43.6647,-79.3695
ON,43.6618,-79.3847
ON,43.6369,-79.3505
ON,43.6543,-79.3796
ON,43.687,-79.5318
ON,43.639,-79.4499
ON,43.6519,-79.3874
ON,43.649,-79.3784
ON,43.6441,-79.3801
ON,43.6469,-79.3823
ON,43.6492,-79.3823
ON,43.7248,-79.4033
ON,43.7043,-79.4093
ON,43.6981,-79.3987
ON,43.6705,-79.3901
ON,43.6619,-79.3952
ON,43.6497,-79.3952
ON,43.6525,-79.3686
ON,43.6437,-79.3787
ON,43.6492,-79.3823
ON,43.7193,-79.43
ON,43.7054,-79.4272
ON,43.683,-79.4184
ON,43.6797,-79.4358
ON,43.6565,-79.4079
ON,43.6536,-79.4258
ON,43.644,-79.4062
ON,43.6392,-79.4058
ON,43.7103,-79.4714
ON,43.6815,-79.4668
ON,43.668,-79.4515
ON,43.6558,-79.4663
ON,43.6403,-79.4374
ON,43.6358,-79.4668
ON,43.6641,-79.3889
ON,43.7804,-79.2505
ON,43.6305,-79.4762
ON,43.5908,-79.5218
ON,43.649,-79.4977
ON,43.6181,-79.4967
ON,43.6053,-79.5201
ON,43.6434,-79.5297
ON,43.6383,-79.5356
ON,43.6088,-79.5574
ON,43.7494,-79.5614
ON,43.7182,-79.5216
ON,43.7087,-79.5287
ON,43.6814,-79.5367
ON,43.6808,-79.5438
ON,43.73,-79.5542
ON,43.6772,-79.5894
ON,42.9466,-79.8509
ON,43.7722,-80.6586
ON,44.2999,-80.4804
ON,43.0986,-80.5633
ON,43.8567,-81.4023
ON,44.3483,-80.914
ON,43.221,-80.5613
ON,43.5838,-81.2351
ON,42.8188,-81.6437
ON,43.5651,-81.6986
ON,42.7967,-81.7938
ON,42.5323,-81.7991
ON,42.2932,-82.7075
ON,42.9132,-79.6101
ON,43.5036,-80.2394
ON,43.5749,-80.2688
ON,43.5325,-80.2531
ON,43.555,-80.2868
ON,43.5156,-80.2827
ON,43.5225,-80.2095
ON,43.7157,-80.387
ON,43.3372,-80.3021
ON,43.3831,-80.3191
ON,43.3742,-80.3457
ON,43.4067,-80.3037
ON,43.4353,-80.4527
ON,43.448,-80.4589
ON,43.4346,-80.4532
ON,43.4236,-80.48
ON,43.4497,-80.4893
ON,43.4487,-80.4849
ON,43.4613,-80.507
ON,43.4801,-80.4801
ON,43.4529,-80.5281
ON,43.4422,-80.4968
ON,43.4241,-80.5214
ON,43.3938,-80.4443
ON,43.3965,-80.4575
ON,43.4511,-80.5572
ON,43.5036,-80.5413
ON,44.1821,-81.6373
ON,43.4161,-80.688
ON,43.5852,-80.5662
ON,43.4317,-80.3112
ON,43.4244,-80.3364
ON,43.4061,-80.3503
ON,43.1834,-80.3749
ON,43.1884,-80.2422
ON,43.1501,-80.2766
ON,43.1242,-80.2412
ON,43.1094,-80.275
ON,43.1704,-80.2937
ON,43.0776,-79.9639
ON,42.8126,-80.3091
ON,42.824,-80.4811
ON,42.8806,-80.7527
ON,44.5519,-80.9385
ON,44.6079,-80.5922
ON,44.1385,-81.0237
ON,43.1277,-80.7743
ON,43.1477,-80.7285
ON,43.1127,-80.7368
ON,43.7315,-80.9533
ON,43.261,-81.1516
ON,43.3555,-80.9961
ON,43.3717,-80.9844
ON,43.027,-80.8706
ON,42.7797,-80.9864
ON,42.6652,-81.2018
ON,42.7788,-81.2134
ON,42.7725,-81.2003
ON,42.9927,-81.1686
ON,42.9778,-81.1941
ON,43.0303,-81.2676
ON,43.0093,-81.21
ON,42.9743,-81.1946
ON,42.9793,-81.2556
ON,42.9759,-81.229
ON,42.9799,-81.2609
ON,42.9419,-81.2475
ON,42.9943,-81.2623
ON,42.9899,-81.2607
ON,42.9797,-81.2639
ON,42.9627,-81.2948
ON,42.9344,-81.2802
ON,42.9922,-81.1398
ON,42.9324,-81.1916
ON,42.9114,-81.2999
ON,43.7347,-81.7105
ON,42.9625,-81.6081
ON,42.4029,-82.1941
ON,42.3997,-82.1996
ON,42.9607,-82.3718
ON,42.971,-82.4084
ON,42.9891,-82.399
ON,42.9838,-82.3214
ON,43.0147,-82.3417
ON,42.5799,-82.3823
ON,42.0606,-82.6029
ON,42.1754,-82.8226
ON,42.3326,-82.8926
ON,42.3391,-82.9279
ON,42.3136,-82.9338
ON,42.3307,-82.9752
ON,42.3188,-82.965
ON,42.2679,-82.9699
ON,42.3062,-83.0017
ON,42.3039,-83.0308
ON,42.3251,-83.0171
ON,42.3159,-83.0393
ON,42.3158,-83.0568
ON,42.3077,-83.0724
ON,42.2736,-83.0416
ON,42.2581,-82.9988
ON,42.2351,-82.998
ON,42.247,-83.1
ON,42.049,-83.1032
ON,42.1106,-83.1115
ON,42.0377,-82.7394
ON,45.4139,-79.6728
ON,45.1103,-79.158
ON,44.8462,-79.7954
ON,44.8935,-79.741
ON,45.9033,-80.5762
ON,45.8738,-79.8846
ON,47.6756,-79.5424
ON,48.1346,-80.0769
ON,52.923,-82.4173
ON,46.1329,-80.8231
ON,48.4466,-80.8161
ON,46.0182,-82.2507
ON,46.1849,-82.8228
ON,46.9551,-84.5005
ON,50.139,-89.0561
ON,50.2407,-90.2024
ON,48.7778,-93.962
ON,49.7003,-94.8583
ON,49.7857,-95.1168
ON,46.3036,-79.4624
ON,46.3094,-79.464
ON,46.3411,-79.4457
ON,45.3272,-79.2151
ON,45.057,-79.3366
ON,44.9451,-79.3549
ON,45.3405,-80.0365
ON,46.3664,-79.9178
ON,48.151,-80.0328
ON,46.5076,-80.9872
ON,46.4769,-80.9099
ON,46.4727,-81.0291
ON,46.4918,-80.9955
ON,46.4106,-81.0517
ON,46.5625,-80.8665
ON,46.6191,-81.0356
ON,46.6318,-81.0147
ON,46.4223,-81.1165
ON,48.4757,-81.3366
ON,48.4951,-81.3513
ON,48.473,-81.3765
ON,46.372,-82.6721
ON,46.2629,-81.7719
ON,49.4134,-82.4203
ON,46.5175,-84.3414
ON,46.5105,-84.321
ON,46.5245,-84.3768
ON,48.4578,-89.1885
ON,48.4349,-89.2192
ON,48.3852,-89.242
ON,48.3775,-89.2704
ON,48.4511,-89.273
ON,48.3187,-89.3415
ON,48.3959,-89.3556
ON,49.7856,-92.8364
ON,50.0885,-91.9086
ON,48.6075,-93.3869
ON,49.7667,-94.4848
PE,46.1668,-62.6487
PE,46.3182,-63.5586
PE,46.2318,-63.1192
PE,46.2067,-63.0729
PE,46.2688,-63.1097
PE,46.2607,-63.16
PE,46.3907,-63.7868
QC,46.8524,-72.0259
QC,47.3983,-61.7742
QC,48.1496,-65.7053
QC,48.9298,-64.3438
QC,50.1169,-62.4136
QC,49.1633,-68.3335
QC,49.0226,-66.8158
QC,48.3473,-68.3948
QC,47.6843,-68.8681
QC,46.2057,-70.8326
QC,46.0651,-71.4352
QC,45.8641,-71.6523
QC,46.9055,-70.7456
QC,46.2635,-70.7929
QC,47.6525,-70.4067
QC,48.3448,-70.9869
QC,48.8854,-72.4433
QC,46.6996,-72.643
QC,45.6544,-71.0379
QC,46.152,-72.1347
QC,46.9181,-71.2036
QC,46.9179,-71.1964
QC,46.8886,-71.2212
QC,46.876,-71.192
QC,46.8921,-71.3056
QC,46.8615,-71.2698
QC,46.8483,-71.234
QC,46.8143,-71.2431
QC,46.8396,-71.2506
QC,46.8165,-71.236
QC,46.81,-71.2526
QC,46.8257,-71.331
QC,46.8128,-71.2194
QC,46.7867,-71.2436
QC,46.7863,-71.2579
QC,46.789,-71.2936
QC,46.7673,-71.2857
QC,46.7828,-71.3149
QC,46.7595,-71.3433
QC,46.8681,-71.3787
QC,46.8569,-71.3506
QC,46.8342,-71.3463
QC,46.8175,-71.371
QC,46.8119,-71.3906
QC,46.8428,-71.2774
QC,46.8105,-71.2426
QC,46.8921,-71.2732
QC,46.9159,-71.3163
QC,46.9338,-71.3446
QC,46.7529,-71.3734
QC,46.8765,-71.3233
QC,46.9445,-71.4133
QC,46.756,-71.6969
QC,46.8617,-71.4241
QC,46.8388,-71.3998
QC,46.8897,-71.8349
QC,46.6725,-71.7368
QC,47.4454,-70.5199
QC,47.695,-70.2239
QC,50.2206,-66.3581
QC,50.2309,-66.3901
QC,47.5371,-61.5387
QC,49.1283,-66.4906
QC,48.8526,-67.518
QC,48.8319,-64.4813
QC,49.2446,-68.1442
QC,47.6259,-70.0967
QC,50.0382,-66.8659
QC,49.1962,-68.2976
QC,48.5949,-68.1883
QC,48.4584,-67.4333
QC,48.4525,-68.5232
QC,48.4547,-68.4973
QC,48.4277,-68.5122
QC,47.8559,-69.5376
QC,47.5521,-68.6441
QC,46.9984,-70.5595
QC,46.2093,-70.7788
QC,46.13,-70.6557
QC,46.1231,-70.647
QC,46.1379,-70.6715
QC,45.5946,-70.9176
QC,46.7557,-71.124
QC,46.4691,-71.0427
QC,46.1134,-71.3108
QC,46.0654,-71.356
QC,46.6561,-71.3095
QC,46.7038,-71.2837
QC,46.2255,-71.7779
QC,46.0606,-71.9477
QC,46.0388,-71.9596
QC,46.0714,-71.9332
QC,46.0477,-71.9549
QC,46.8207,-71.1787
QC,46.7933,-71.1885
QC,46.7228,-71.2788
QC,46.7391,-71.2055
QC,46.6709,-71.3548
QC,48.3133,-70.8557
QC,48.4572,-71.0591
QC,48.4337,-71.0225
QC,48.4377,-71.1244
QC,48.3976,-71.11
QC,48.3084,-71.1104
QC,48.51,-71.268
QC,48.4099,-71.1961
QC,48.4112,-71.2149
QC,48.4359,-71.2318
QC,48.3933,-71.267
QC,48.4327,-71.262
QC,48.4244,-71.2619
QC,48.5468,-71.6399
QC,48.5292,-71.642
QC,48.5592,-71.6416
QC,48.4223,-71.8737
QC,48.5044,-72.2165
QC,48.5774,-72.441
QC,48.6556,-72.4469
QC,48.8707,-72.2141
QC,48.8892,-72.1938
QC,48.3942,-71.6775
QC,49.9214,-74.3601
QC,46.419,-72.6006
QC,46.3887,-72.4875
QC,46.4024,-72.5846
QC,46.3688,-72.58
QC,46.3648,-72.5564
QC,46.3647,-72.5558
QC,46.3111,-72.5718
QC,46.3938,-72.6534
QC,46.3445,-72.4369
QC,46.5429,-72.748
QC,46.5258,-72.7381
QC,46.576,-72.7764
QC,46.6168,-72.7336
QC,47.4583,-72.7729
QC,90,0
QC,45.6986,-73.5025
QC,45.6587,-73.5236
QC,45.6454,-73.5502
QC,45.6596,-73.5704
QC,45.6595,-73.5729
QC,45.6061,-73.6389
QC,45.5829,-73.6524
QC,45.6036,-73.569
QC,45.6077,-73.5428
QC,45.5943,-73.5362
QC,45.5902,-73.5559
QC,45.5719,-73.5499
QC,45.6105,-73.6048
QC,45.5844,-73.6229
QC,45.5716,-73.5985
QC,45.5653,-73.5869
QC,45.5702,-73.551
QC,45.5423,-73.5616
QC,45.5577,-73.5935
QC,45.5525,-73.598
QC,45.5652,-73.6444
QC,45.5583,-73.6118
QC,45.5664,-73.647
QC,45.5593,-73.6719
QC,45.5522,-73.6256
QC,45.5434,-73.6061
QC,45.5377,-73.5837
QC,45.5289,-73.5928
QC,45.53,-73.5672
QC,45.5252,-73.5744
QC,45.55,-73.6515
QC,45.5402,-73.659
QC,45.5409,-73.6418
QC,45.5452,-73.6266
QC,45.5356,-73.6144
QC,45.5278,-73.6024
QC,45.5298,-73.6153
QC,45.5194,-73.5839
QC,45.5148,-73.5739
QC,45.508,-73.554
QC,45.5066,-73.5623
QC,45.5078,-73.5804
QC,45.5058,-73.5672
QC,45.503,-73.5679
QC,45.4679,-73.5457
QC,45.5019,-73.5853
QC,45.5123,-73.5967
QC,45.4922,-73.5725
QC,45.4858,-73.564
QC,45.5529,-73.6754
QC,45.5459,-73.6979
QC,45.5335,-73.6464
QC,45.5209,-73.653
QC,45.5181,-73.6545
QC,45.5155,-73.6292
QC,45.5115,-73.616
QC,45.4965,-73.6177
QC,45.4988,-73.6442
QC,45.4915,-73.6483
QC,45.489,-73.618
QC,45.4909,-73.5885
QC,45.4781,-73.6252
QC,45.4681,-73.636
QC,45.478,-73.5922
QC,45.468,-73.5863
QC,45.4644,-73.5798
QC,45.4532,-73.5818
QC,45.5353,-73.7231
QC,45.5248,-73.7392
QC,45.5269,-73.6974
QC,45.5067,-73.6906
QC,45.5329,-73.6807
QC,45.4991,-73.6722
QC,45.5148,-73.7309
QC,45.4958,-73.754
QC,45.4954,-73.6798
QC,45.4755,-73.6555
QC,45.478,-73.6704
QC,45.4575,-73.6649
QC,45.5103,-73.6818
QC,45.5003,-73.5621
QC,45.503,-73.5679
QC,45.5066,-73.5623
QC,45.6736,-73.5919
QC,45.6346,-73.6769
QC,45.6176,-73.6637
QC,45.6142,-73.669
QC,45.5565,-73.6791
QC,45.6429,-73.7494
QC,45.6837,-73.6728
QC,45.6121,-73.7898
QC,45.6303,-73.7802
QC,45.6089,-73.7331
QC,45.5772,-73.7007
QC,45.5917,-73.8293
QC,45.5483,-73.8578
QC,45.5732,-73.7444
QC,45.5569,-73.748
QC,45.5364,-73.7267
QC,45.549,-73.7641
QC,45.5359,-73.8231
QC,45.5209,-73.8354
QC,45.4551,-73.6084
QC,45.4371,-73.5979
QC,45.4473,-73.6557
QC,45.4496,-73.6811
QC,45.4648,-73.7192
QC,45.5145,-73.8162
QC,45.5135,-73.8389
QC,45.5055,-73.823
QC,45.4937,-73.8132
QC,45.5141,-73.9012
QC,45.5106,-73.91
QC,45.4794,-73.8446
QC,45.4873,-73.8635
QC,45.469,-73.8862
QC,45.4643,-73.8936
QC,45.4617,-73.7305
QC,45.4748,-73.8207
QC,45.4409,-73.7733
QC,45.4407,-73.8727
QC,45.418,-73.9515
QC,45.6999,-72.0033
QC,45.242,-72.0177
QC,45.9914,-72.3216
QC,45.3973,-72.8797
QC,46.0668,-72.8043
QC,45.6125,-72.5205
QC,45.0784,-73.0291
QC,46.104,-73.256
QC,45.7317,-73.2793
QC,60.0342,-70.0118
QC,45.718,-73.6354
QC,45.4487,-74.1015
QC,45.8373,-74.1387
QC,45.0131,-74.1744
QC,46.2634,-74.7687
QC,45.7631,-74.4624
QC,46.7019,-75.437
QC,45.5234,-76.4392
QC,48.4606,-78.1936
QC,47.4822,-79.2102
QC,45.1563,-71.8095
QC,45.4301,-71.8901
QC,45.4038,-71.8853
QC,45.4117,-71.9074
QC,45.4242,-71.9188
QC,45.3928,-71.9441
QC,45.4053,-71.9387
QC,45.3672,-71.8692
QC,45.3814,-71.9827
QC,45.582,-72.0094
QC,45.7808,-71.9348
QC,45.282,-72.139
QC,45.8852,-72.414
QC,45.8459,-72.44
QC,45.8845,-72.4841
QC,45.9092,-72.4808
QC,45.9037,-72.5297
QC,45.4109,-72.7103
QC,45.4036,-72.7097
QC,45.3915,-72.7799
QC,45.2214,-72.7567
QC,45.3161,-72.6501
QC,45.2925,-72.978
QC,45.648,-73.0056
QC,45.6352,-72.9726
QC,45.6414,-72.9243
QC,45.3988,-73.3723
QC,45.3167,-73.2338
QC,45.3172,-73.3346
QC,45.334,-73.2662
QC,45.3234,-73.2662
QC,45.5806,-73.336
QC,45.5462,-73.2339
QC,45.5413,-73.2215
QC,45.4694,-73.289
QC,45.4355,-73.1738
QC,45.5355,-73.2719
QC,46.045,-73.1172
QC,46.0476,-73.1263
QC,46.2326,-72.5995
QC,45.5392,-73.3598
QC,45.6911,-73.4312
QC,45.4841,-73.4329
QC,45.4732,-73.3716
QC,45.5685,-73.423
QC,45.5535,-73.4987
QC,45.5428,-73.5083
QC,45.529,-73.5039
QC,45.5284,-73.5246
QC,45.5291,-73.4708
QC,45.544,-73.4505
QC,45.5382,-73.4577
QC,45.4993,-73.5157
QC,45.4876,-73.5092
QC,45.4832,-73.5067
QC,45.4966,-73.4481
QC,45.4926,-73.4473
QC,45.4769,-73.4992
QC,45.4564,-73.4931
QC,45.4605,-73.4651
QC,45.4814,-73.4649
QC,45.384,-73.5591
QC,45.4024,-73.5376
QC,45.8184,-73.8983
QC,45.7334,-74.1309
QC,45.8052,-74.1051
QC,45.8522,-73.7577
QC,45.3973,-73.5284
QC,45.905,-73.2594
QC,46.2675,-72.9382
QC,45.8313,-73.4233
QC,45.8508,-73.4824
QC,45.7599,-73.4343
QC,45.7289,-73.4907
QC,45.7134,-73.4778
QC,46.0551,-73.432
QC,45.3944,-73.7494
QC,45.3631,-73.7085
QC,45.3577,-73.7851
QC,45.3063,-73.748
QC,45.2788,-74.1422
QC,45.2571,-74.12
QC,45.7005,-73.5298
QC,45.6908,-73.6308
QC,45.6986,-73.6632
QC,45.6999,-73.8112
QC,45.6693,-73.7484
QC,45.6179,-73.8038
QC,45.6462,-73.8092
QC,45.6488,-73.8466
QC,45.6318,-73.8261
QC,45.5999,-73.8301
QC,45.62,-73.8564
QC,45.6563,-73.9753
QC,45.7551,-73.5959
QC,45.7567,-73.6263
QC,45.7915,-73.7559
QC,45.72,-74.0327
QC,45.5618,-73.8881
QC,45.5321,-73.894
QC,45.3135,-74.0573
QC,45.4042,-74.034
QC,45.2616,-74.2078
QC,45.814,-74.0176
QC,45.795,-74.0017
QC,45.9261,-74.0244
QC,45.9454,-74.1327
QC,46.0469,-74.2901
QC,46.156,-74.5627
QC,45.6068,-74.4387
QC,45.6484,-74.3406
QC,45.599,-75.4206
QC,45.5555,-75.4352
QC,45.688,-75.7837
QC,45.495,-75.5883
QC,45.4914,-75.6057
QC,45.4979,-75.7043
QC,45.488,-75.7474
QC,45.4465,-75.7156
QC,45.4603,-75.7606
QC,45.4659,-75.7558
QC,45.4206,-75.7538
QC,45.4039,-75.826
QC,46.3741,-75.9823
QC,45.3958,-75.8259
QC,45.4202,-75.7748
QC,46.5442,-75.4972
QC,48.1068,-77.7833
QC,48.5837,-78.1002
QC,47.3288,-79.441
QC,48.25,-79.0253
QC,48.8054,-79.1991
QC,48.8131,-79.2026
SK,51.8194,-103.5644
SK,49.1895,-104.4374
SK,53.1325,-104.6719
SK,51.3669,-105.9973
SK,50.1971,-105.8481
SK,52.7586,-107.4669
SK,52.807,-105.3626
SK,51.2296,-108.702
SK,54.2836,-109.2415
SK,50.3599,-108.5139
SK,54.663,-102.0822
SK,50.7763,-104.9291
SK,51.202,-102.457
SK,49.1433,-102.9987
SK,49.6719,-103.8491
SK,50.4395,-104.5758
SK,50.4399,-104.574
SK,50.4423,-104.6116
SK,50.4707,-104.6116
SK,50.4253,-104.6347
SK,50.4552,-104.6376
SK,50.4364,-104.5438
SK,50.4896,-104.6694
SK,50.4722,-104.6828
SK,50.478,-104.6987
SK,50.4529,-104.5345
SK,50.4019,-105.5325
SK,50.4241,-105.5467
SK,50.3768,-105.5819
SK,53.2027,-105.7503
SK,53.1744,-105.7636
SK,53.1922,-105.7055
SK,52.1131,-106.622
SK,52.1068,-106.6552
SK,52.1542,-106.6415
SK,52.1449,-106.6704
SK,52.1261,-106.6985
SK,52.1193,-106.6594
SK,52.1695,-106.5869
SK,52.2022,-106.6765
SK,52.1584,-106.5955
SK,52.0554,-106.7036
SK,52.1103,-106.5698
SK,52.779,-108.2983
SK,50.2875,-107.8113
SK,53.2719,-110.0044
SK,54.132,-108.4314
YT,60.1734,-129.0159
YT,64.062,-139.4351
YT,60.7227,-135.0534